Player,Team,Position,PTS_final,REB_final,AST_final,PTS_adj,REB_adj,AST_adj,PTS_bonus,REB_bonus,AST_bonus,TS%,eFG%,USG_proxy,MPG
Shai Gilgeous-Alexander,OKC,G,34.146350310559,4.506857142857142,6.967714285714286,34.49126293995859,4.552380952380951,7.038095238095238,0.0,0.0,0.0,0.605,0.5402298850574713,0.1414682539682539,33.95238095238095
Nikola Jokic,DEN,C-F,34.10855403726709,12.634285714285715,10.032,34.45308488612837,12.761904761904765,10.133333333333336,0.0,0.0,0.0,0.647,0.6140625,0.1602380952380952,38.457142857142856
Luka Doncic,LAL,G-F,30.699756521739133,7.712571428571428,7.316571428571429,31.00985507246377,7.790476190476189,7.39047619047619,0.0,0.0,0.0,0.622,0.5585284280936454,0.1459126984126984,35.01904761904762
Giannis Antetokounmpo,MIL,F-G,32.138080993788826,11.399142857142856,7.712571428571429,32.46270807453417,11.514285714285714,7.790476190476191,0.0,0.0,0.0,0.638,0.5970149253731343,0.1423015873015873,34.15238095238095
Ja Morant,MEM,G,26.746184347826084,3.96,6.854571428571429,27.01634782608696,4.0,6.923809523809524,0.0,0.0,0.0,0.584,0.5303951367781155,0.1358730158730158,32.60952380952381
Paolo Banchero,ORL,F,27.750007453416146,7.854000000000001,4.638857142857144,28.030310559006207,7.933333333333334,4.685714285714286,0.0,0.0,0.0,0.57,0.5195783132530121,0.1462698412698412,35.10476190476191
Cade Cunningham,DET,G,29.25047850931677,5.468571428571429,8.382000000000001,29.54593788819876,5.523809523809524,8.466666666666669,0.0,0.0,0.0,0.597,0.5517241379310345,0.1424603174603174,34.19047619047619
Anthony Edwards,MIN,G-F,29.92384248447205,5.119714285714285,4.403142857142857,30.22610351966874,5.171428571428571,4.447619047619048,0.0,0.0,0.0,0.613,0.5618729096989966,0.1488888888888889,35.733333333333334
Quentin Grimes,PHI,G,24.45228670807454,4.714285714285714,4.695428571428573,24.6992795031056,4.761904761904762,4.742857142857144,0.0,0.0,0.0,0.603,0.5603448275862069,0.1376587301587301,33.03809523809524
Coby White,CHI,G,28.76468571428572,4.261714285714287,4.280571428571429,29.0552380952381,4.3047619047619055,4.323809523809524,0.0,0.0,0.0,0.667,0.6007905138339921,0.143531746031746,34.44761904761905
Jayson Tatum,BOS,F,25.51669863354037,7.976571428571429,6.590571428571431,25.7744430641822,8.057142857142857,6.657142857142858,0.0,0.0,0.0,0.563,0.512779552715655,0.1521825396825397,36.523809523809526
Kevin Durant,PHO,F-G,29.112083478260875,5.855142857142858,4.252285714285716,29.40614492753624,5.914285714285715,4.295238095238096,0.0,0.0,0.0,0.652,0.6030534351145038,0.1524206349206349,36.58095238095238
Zion Williamson,NOP,F-C,27.77076670807454,6.845142857142858,5.402571428571428,28.0512795031056,6.914285714285715,5.457142857142856,0.0,0.0,0.0,0.642,0.6195219123505976,0.1192460317460317,28.61904761904762
Jalen Brunson,NYK,G,27.30983254658385,2.772,6.666000000000001,27.58568944099379,2.8000000000000003,6.733333333333334,0.0,0.0,0.0,0.603,0.5467625899280576,0.1489285714285714,35.74285714285715
Tyrese Maxey,PHI,G,25.913551304347823,2.951142857142857,6.392571428571429,26.175304347826085,2.980952380952381,6.457142857142857,0.0,0.0,0.0,0.573,0.5182724252491694,0.1572619047619047,37.74285714285715
Kawhi Leonard,LAC,F,25.774992298136656,6.666,3.2717142857142867,26.03534575569359,6.733333333333333,3.304761904761905,0.0,0.0,0.0,0.628,0.5971223021582733,0.1417063492063492,34.00952380952381
Trae Young,ATL,G,26.804215155279508,2.9040000000000004,11.634857142857143,27.07496480331264,2.9333333333333336,11.752380952380951,0.0,0.0,0.0,0.607,0.539622641509434,0.1496428571428571,35.91428571428572
Karl-Anthony Towns,NYK,C-F,26.267737639751555,11.031428571428574,2.828571428571429,26.533068322981368,11.142857142857144,2.8571428571428577,0.0,0.0,0.0,0.626,0.5852272727272727,0.1463492063492063,35.12380952380953
Kyrie Irving,DAL,G,24.57571080745341,5.02542857142857,4.044857142857143,24.823950310559,5.076190476190475,4.085714285714286,0.0,0.0,0.0,0.569,0.5134680134680135,0.1520634920634921,36.4952380952381
Devin Booker,PHO,G,24.544129192546585,4.101428571428571,7.79742857142857,24.79204968944099,4.142857142857142,7.876190476190475,0.0,0.0,0.0,0.57,0.515358361774744,0.1551984126984127,37.24761904761905
Deni Avdija,POR,G-F,24.53581565217392,9.155142857142856,4.846285714285714,24.78365217391304,9.247619047619049,4.895238095238095,0.0,0.0,0.0,0.637,0.5897959183673469,0.14,33.6
Stephen Curry,GSW,G,27.33192000000001,4.261714285714286,5.46857142857143,27.608000000000008,4.304761904761905,5.523809523809525,0.0,0.0,0.0,0.609,0.5526315789473685,0.1346428571428571,32.31428571428572
Austin Reaves,LAL,G,27.13785540372672,4.723714285714285,5.0914285714285725,27.41197515527951,4.771428571428571,5.142857142857143,0.0,0.0,0.0,0.678,0.6314655172413793,0.149563492063492,35.89523809523809
Tyler Herro,MIA,G,26.631368944099385,4.422000000000001,5.091428571428571,26.900372670807457,4.466666666666667,5.142857142857142,0.0,0.0,0.0,0.645,0.5943775100401606,0.1449603174603174,34.79047619047619
James Harden,LAC,G,26.8130698136646,5.638285714285713,8.712,27.083908902691512,5.695238095238095,8.799999999999999,0.0,0.0,0.0,0.641,0.5668103448275862,0.1516269841269841,36.39047619047619
Jalen Williams,OKC,G,24.776301614906835,4.808571428571428,5.016,25.02656728778468,4.857142857142856,5.066666666666666,0.0,0.0,0.0,0.619,0.572,0.133015873015873,31.923809523809528
Damian Lillard,MIL,G,26.21451130434783,4.742571428571429,6.288857142857144,26.47930434782609,4.79047619047619,6.352380952380953,0.0,0.0,0.0,0.624,0.5464135021097046,0.1487698412698412,35.7047619047619
DeMar DeRozan,SAC,G-F,21.20047900621118,3.959999999999999,5.657142857142857,21.41462525879917,3.999999999999999,5.7142857142857135,0.0,0.0,0.0,0.526,0.46875,0.1523412698412698,36.56190476190476
OG Anunoby,NYK,F,23.64187229813665,4.836857142857142,2.4891428571428573,23.88067908902692,4.885714285714285,2.5142857142857142,0.0,0.0,0.0,0.622,0.58,0.1503968253968254,36.095238095238095
LeBron James,LAL,F-G,24.62406708074534,7.505142857142857,6.986571428571429,24.8727950310559,7.580952380952381,7.057142857142857,0.0,0.0,0.0,0.585,0.5363984674329502,0.1469444444444444,35.266666666666666
Donovan Mitchell,CLE,G,21.72834782608696,4.959428571428572,5.657142857142858,21.947826086956525,5.00952380952381,5.714285714285715,0.0,0.0,0.0,0.525,0.4490909090909091,0.1334920634920635,32.03809523809524
Jamal Murray,DEN,G,23.571100621118013,3.828,6.043714285714287,23.809192546583848,3.866666666666666,6.104761904761905,0.0,0.0,0.0,0.594,0.5424710424710425,0.1545238095238095,37.08571428571428
Franz Wagner,ORL,G-F,21.37432546583852,5.996571428571428,4.450285714285714,21.590227743271228,6.057142857142857,4.495238095238095,0.0,0.0,0.0,0.542,0.4893617021276595,0.143015873015873,34.32380952380952
Zach LaVine,SAC,G-F,24.510481490683222,3.526285714285715,3.828,24.75806211180124,3.5619047619047626,3.866666666666666,0.0,0.0,0.0,0.627,0.5991902834008097,0.1553968253968254,37.2952380952381
Shaedon Sharpe,POR,G,20.03038509316772,5.864571428571429,3.290571428571429,20.23271221532092,5.923809523809524,3.323809523809524,0.0,0.0,0.0,0.55,0.5183150183150184,0.138968253968254,33.352380952380955
Anthony Davis,DAL,F-C,21.84060521739131,11.267142857142856,3.658285714285714,22.06121739130436,11.38095238095238,3.695238095238095,0.0,0.0,0.0,0.558,0.5153846153846153,0.1298412698412698,31.161904761904765
Jalen Green,HOU,G,19.71686459627329,5.148,4.280571428571428,19.916024844720496,5.199999999999999,4.323809523809524,0.0,0.0,0.0,0.538,0.5036764705882353,0.1357142857142857,32.57142857142857
Anfernee Simons,POR,G,20.00346037267081,2.583428571428572,4.422000000000001,20.20551552795031,2.6095238095238096,4.466666666666667,0.0,0.0,0.0,0.554,0.521978021978022,0.1406746031746031,33.76190476190476
Victor Wembanyama,SAS,C-F,22.85895652173913,11.361428571428572,3.6111428571428568,23.089855072463767,11.476190476190476,3.647619047619047,0.0,0.0,0.0,0.569,0.5424710424710425,0.1399206349206349,33.58095238095238
Desmond Bane,MEM,G,22.04003180124224,6.119142857142858,4.912285714285715,22.262658385093168,6.180952380952381,4.961904761904762,0.0,0.0,0.0,0.606,0.5752032520325203,0.1411507936507936,33.87619047619047
John Collins,UTA,F,21.21343304347825,8.221714285714285,1.4802857142857144,21.42771014492753,8.304761904761904,1.4952380952380953,0.0,0.0,0.0,0.614,0.5762331838565022,0.1332936507936507,31.990476190476187
Josh Giddey,CHI,G,19.75592347826087,9.56057142857143,8.532857142857145,19.955478260869565,9.657142857142858,8.61904761904762,0.0,0.0,0.0,0.588,0.5319634703196348,0.1397619047619047,33.542857142857144
Kristaps Porzingis,BOS,F-C,21.81418881987578,6.628285714285715,2.1685714285714286,22.034534161490686,6.695238095238096,2.1904761904761902,0.0,0.0,0.0,0.629,0.5917874396135265,0.1221825396825396,29.323809523809523
Jaren Jackson Jr.,MEM,F,20.03300869565217,4.714285714285714,1.621714285714286,20.235362318840576,4.761904761904762,1.6380952380952385,0.0,0.0,0.0,0.563,0.5227272727272727,0.1291269841269841,30.990476190476187
Jaylen Brown,BOS,F-G,19.909617391304348,5.393142857142857,4.092,20.11072463768116,5.447619047619048,4.133333333333333,0.0,0.0,0.0,0.565,0.5171673819742489,0.1344047619047619,32.25714285714285
Andrew Wiggins,MIA,F-G,19.577895652173915,4.384285714285714,2.960571428571429,19.775652173913045,4.428571428571429,2.9904761904761905,0.0,0.0,0.0,0.581,0.5484581497797357,0.1337698412698413,32.10476190476191
Bam Adebayo,MIA,C-F,20.071870807453426,8.466857142857144,3.903428571428573,20.27461697722568,8.552380952380954,3.942857142857144,0.0,0.0,0.0,0.572,0.532051282051282,0.1425396825396825,34.209523809523816
Tyrese Haliburton,IND,G,21.84634434782609,3.5451428571428574,10.164000000000003,22.067014492753625,3.580952380952381,10.26666666666667,0.0,0.0,0.0,0.643,0.6073170731707317,0.1342063492063492,32.209523809523816
Darius Garland,CLE,G,18.39112546583852,3.582857142857143,6.798,18.576894409937896,3.61904761904762,6.866666666666666,0.0,0.0,0.0,0.558,0.5246913580246914,0.1316269841269841,31.590476190476195
Mikal Bridges,NYK,F-G,18.994718012422364,3.2340000000000004,4.8180000000000005,19.18658385093168,3.266666666666667,4.866666666666667,0.0,0.0,0.0,0.61,0.579185520361991,0.1499206349206349,35.98095238095238
De'Aaron Fox,SAS,G,18.36247900621118,4.450285714285716,6.345428571428571,18.547958592132503,4.495238095238096,6.409523809523809,0.0,0.0,0.0,0.533,0.4813278008298755,0.143531746031746,34.44761904761905
LaMelo Ball,CHO,G,18.26027329192547,4.572857142857142,7.410857142857144,18.44472049689441,4.619047619047619,7.485714285714287,0.0,0.0,0.0,0.512,0.462890625,0.1254761904761904,30.11428571428572
Collin Sexton,UTA,G,19.00327751552795,2.5457142857142863,4.459714285714287,19.1952298136646,2.571428571428572,4.504761904761906,0.0,0.0,0.0,0.576,0.5386363636363637,0.1136111111111111,27.26666666666667
Dejounte Murray,NOP,G,16.885046459627333,6.222857142857144,7.165714285714286,17.055602484472054,6.285714285714287,7.238095238095239,0.0,0.0,0.0,0.538,0.485042735042735,0.133531746031746,32.04761904761905
Julius Randle,MIN,F-C,20.59067180124224,6.562285714285715,4.733142857142858,20.798658385093173,6.628571428571429,4.780952380952382,0.0,0.0,0.0,0.653,0.6256544502617801,0.1306746031746032,31.361904761904764
Ivica Zubac,LAC,C,22.06002037267081,12.436285714285711,3.092571428571428,22.282848861283643,12.56190476190476,3.123809523809523,0.0,0.0,0.0,0.673,0.6505376344086021,0.1389285714285714,33.34285714285714
RJ Barrett,TOR,G-F,16.73609142857143,5.742000000000001,4.742571428571427,16.90514285714286,5.800000000000001,4.790476190476189,0.0,0.0,0.0,0.516,0.4957983193277311,0.1246825396825397,29.923809523809528
Stephon Castle,SAS,G,16.78321788819876,5.242285714285714,5.534571428571429,16.952745341614907,5.295238095238095,5.59047619047619,0.0,0.0,0.0,0.537,0.4863636363636364,0.1213492063492063,29.123809523809523
Alperen Sengun,HOU,C-F,17.718663354037275,10.446857142857146,4.686,17.897639751552802,10.552380952380954,4.733333333333333,0.0,0.0,0.0,0.543,0.4953917050691244,0.1349603174603174,32.39047619047619
Miles Bridges,CHO,G-F,18.233512546583857,6.797999999999998,4.016571428571428,18.4176894409938,6.866666666666665,4.057142857142857,0.0,0.0,0.0,0.528,0.4831223628691983,0.1276587301587301,30.638095238095243
Aaron Gordon,DEN,F,19.686201242236024,4.365428571428571,3.375428571428571,19.885051759834365,4.409523809523809,3.409523809523809,0.0,0.0,0.0,0.688,0.6441176470588236,0.1268253968253968,30.43809523809524
Pascal Siakam,IND,F-C,18.51899329192547,6.119142857142859,3.375428571428572,18.706053830227745,6.180952380952382,3.40952380952381,0.0,0.0,0.0,0.563,0.547085201793722,0.133531746031746,32.04761904761905
Evan Mobley,CLE,F-C,19.476313043478264,9.23057142857143,3.6017142857142863,19.67304347826088,9.323809523809524,3.63809523809524,0.0,0.0,0.0,0.606,0.59,0.1307936507936508,31.3904761904762
Immanuel Quickley,TOR,G,17.152686708074537,3.846857142857143,5.949428571428572,17.32594616977226,3.885714285714285,6.0095238095238095,0.0,0.0,0.0,0.563,0.5116279069767442,0.1169444444444444,28.06666666666667
Jimmy Butler,GSW,F-G,19.56061267080745,5.572285714285714,5.826857142857143,19.758194616977224,5.628571428571428,5.885714285714285,0.0,0.0,0.0,0.641,0.525,0.1348412698412698,32.36190476190476
Jordan Poole,WAS,G,20.55412173913043,2.5268571428571427,3.648857142857143,20.76173913043478,2.552380952380952,3.685714285714286,0.0,0.0,0.0,0.635,0.5963541666666666,0.1071428571428571,25.714285714285715
Cameron Johnson,BRK,F,18.478360248447206,4.506857142857143,4.120285714285714,18.66501035196688,4.552380952380952,4.161904761904762,0.0,0.0,0.0,0.59,0.5303030303030303,0.1271825396825397,30.52380952380953
Trey Murphy III,NOP,F,18.47462161490684,5.157428571428572,4.01657142857143,18.661233954451347,5.2095238095238106,4.057142857142858,0.0,0.0,0.0,0.536,0.4889380530973451,0.145515873015873,34.923809523809524
Devin Vassell,SAS,G-F,17.56055850931677,4.440857142857143,2.658857142857143,17.737937888198758,4.485714285714286,2.685714285714285,0.0,0.0,0.0,0.603,0.5845410628019324,0.133015873015873,31.923809523809528
Keyonte George,UTA,G,16.591268571428575,3.9882857142857135,5.016,16.758857142857146,4.028571428571428,5.066666666666666,0.0,0.0,0.0,0.552,0.4776119402985074,0.128015873015873,30.723809523809525
Jalen Johnson,ATL,F,17.340962981366463,9.994285714285716,4.733142857142858,17.51612422360249,10.095238095238097,4.780952380952382,0.0,0.0,0.0,0.544,0.5070422535211268,0.1467460317460317,35.21904761904762
Nikola Vucevic,CHI,C,17.402798012422362,9.438000000000002,3.9882857142857153,17.57858385093168,9.533333333333337,4.028571428571429,0.0,0.0,0.0,0.611,0.5975,0.1236904761904762,29.68571428571429
CJ McCollum,NOP,G,16.39931925465839,3.894,4.506857142857143,16.564968944099384,3.9333333333333336,4.552380952380952,0.0,0.0,0.0,0.51,0.49375,0.131031746031746,31.447619047619053
Jalen Suggs,ORL,G,14.633405217391305,3.771428571428572,3.498,14.781217391304349,3.80952380952381,3.533333333333333,0.0,0.0,0.0,0.512,0.4695652173913043,0.118531746031746,28.447619047619053
Kelly Oubre Jr.,PHI,F,16.92495801242236,6.053142857142858,1.8197142857142856,17.09591718426501,6.114285714285715,1.838095238095238,0.0,0.0,0.0,0.569,0.5369458128078818,0.1525396825396825,36.60952380952381
Michael Porter Jr.,DEN,F,18.21186782608696,7.599428571428572,2.206285714285714,18.395826086956525,7.676190476190476,2.228571428571428,0.0,0.0,0.0,0.601,0.5654450261780105,0.1437301587301587,34.49523809523809
Lauri Markkanen,UTA,F-C,16.32877714285714,5.525142857142856,0.9145714285714286,16.493714285714283,5.58095238095238,0.9238095238095236,0.0,0.0,0.0,0.528,0.5022222222222222,0.1287301587301587,30.89523809523809
Zaccharie Risacher,ATL,F,16.81125763975156,3.592285714285715,1.2728571428571431,16.981068322981372,3.628571428571429,1.2857142857142858,0.0,0.0,0.0,0.624,0.6096256684491979,0.1098809523809523,26.37142857142857
Naji Marshall,DAL,F,16.707920496894413,5.826857142857143,3.6677142857142857,16.87668737060042,5.885714285714285,3.704761904761905,0.0,0.0,0.0,0.59,0.5654450261780105,0.1369444444444444,32.86666666666667
Jaden Ivey,DET,G,17.886852670807457,3.9222857142857146,3.799714285714286,18.067527950310563,3.961904761904762,3.8380952380952382,0.0,0.0,0.0,0.603,0.5775401069518716,0.1207142857142857,28.97142857142857
Dillon Brooks,HOU,F-G,16.575215403726713,3.3282857142857143,2.055428571428572,16.742641821946172,3.361904761904762,2.0761904761904764,0.0,0.0,0.0,0.613,0.5979381443298969,0.1309523809523809,31.428571428571427
Jordan Clarkson,UTA,G,15.546123726708077,2.9794285714285715,3.696,15.703155279503106,3.009523809523809,3.733333333333333,0.0,0.0,0.0,0.543,0.5048780487804878,0.1109920634920634,26.63809523809524
Scottie Barnes,TOR,G-F,14.261706335403728,7.043142857142858,4.789714285714284,14.40576397515528,7.114285714285715,4.838095238095237,0.0,0.0,0.0,0.484,0.4417040358744394,0.1221825396825396,29.323809523809523
Norman Powell,LAC,G,18.16346236024845,2.5739999999999994,1.810285714285714,18.346931677018635,2.599999999999999,1.828571428571428,0.0,0.0,0.0,0.564,0.5309278350515464,0.1291269841269841,30.990476190476187
Onyeka Okongwu,ATL,F,17.694886956521742,10.541142857142855,2.564571428571429,17.873623188405798,10.647619047619049,2.5904761904761906,0.0,0.0,0.0,0.656,0.6128048780487805,0.1353968253968253,32.49523809523809
Myles Turner,IND,C-F,17.39645217391305,6.5434285714285725,1.4614285714285715,17.572173913043486,6.60952380952381,1.4761904761904765,0.0,0.0,0.0,0.63,0.5933734939759037,0.1225396825396825,29.40952380952381
Christian Braun,DEN,G,20.02387527950311,5.581714285714288,3.450857142857143,20.226136645962736,5.638095238095239,3.4857142857142858,0.0,0.0,0.0,0.699,0.678343949044586,0.1504761904761905,36.11428571428572
Brandin Podziemski,GSW,G,16.337500621118014,5.449714285714285,3.403714285714287,16.502525879917187,5.504761904761905,3.4380952380952388,0.0,0.0,0.0,0.62,0.606951871657754,0.1210714285714285,29.05714285714286
Bradley Beal,PHO,G,16.56180223602485,2.951142857142857,4.0920000000000005,16.729093167701865,2.980952380952381,4.133333333333334,0.0,0.0,0.0,0.591,0.5687830687830688,0.1301190476190476,31.228571428571428
Derrick White,BOS,G,16.586168944099377,5.006571428571428,6.043714285714285,16.753706004140785,5.057142857142857,6.104761904761904,0.0,0.0,0.0,0.583,0.5602094240837696,0.1428174603174603,34.27619047619047
Domantas Sabonis,SAC,C-F,16.85720347826087,12.66257142857143,5.42142857142857,17.027478260869565,12.790476190476191,5.4761904761904745,0.0,0.0,0.0,0.597,0.5549132947976878,0.1347619047619047,32.34285714285714
Spencer Dinwiddie,DAL,G,14.27282385093168,3.4320000000000004,6.119142857142859,14.416993788819877,3.466666666666667,6.180952380952382,0.0,0.0,0.0,0.597,0.5529411764705883,0.1313492063492063,31.52380952380953
Bennedict Mathurin,IND,G-F,15.041113043478267,4.469142857142858,1.7254285714285718,15.193043478260876,4.514285714285714,1.742857142857143,0.0,0.0,0.0,0.56,0.4575757575757576,0.1087301587301587,26.09523809523809
Alex Sarr,WAS,F,12.286330434782617,5.968285714285715,2.508,12.4104347826087,6.0285714285714285,2.5333333333333337,0.0,0.0,0.0,0.48,0.4484304932735426,0.115079365079365,27.61904761904762
Ty Jerome,CLE,G,16.75734260869565,2.536285714285715,3.498,16.92660869565217,2.561904761904762,3.533333333333333,0.0,0.0,0.0,0.632,0.5895061728395061,0.0937301587301587,22.495238095238093
Aaron Nesmith,IND,G-F,17.402912795031057,4.29,1.0654285714285716,17.578699792960663,4.333333333333333,1.0761904761904764,0.0,0.0,0.0,0.701,0.6677852348993288,0.1138095238095238,27.31428571428572
P.J. Washington,DAL,F,16.28361838509317,7.156285714285714,2.328857142857143,16.448099378881988,7.228571428571428,2.3523809523809525,0.0,0.0,0.0,0.589,0.5625,0.1307539682539682,31.38095238095238
Malik Monk,SAC,G,15.040375155279506,3.677142857142857,5.044285714285714,15.192298136645965,3.714285714285714,5.095238095238095,0.0,0.0,0.0,0.545,0.5128865979381443,0.1255952380952381,30.142857142857142
Brandon Williams,DAL,G,13.654375155279508,2.1591428571428573,3.026571428571428,13.792298136645964,2.1809523809523808,3.0571428571428565,0.0,0.0,0.0,0.677,0.6267123287671232,0.0803968253968254,19.295238095238098
Kyle Kuzma,MIL,F,14.092861118012422,4.978285714285714,2.3288571428571427,14.235213250517598,5.028571428571428,2.352380952380952,0.0,0.0,0.0,0.557,0.5380434782608695,0.1336111111111111,32.06666666666666
Rudy Gobert,MIN,C,18.46402881987578,11.691428571428572,1.7537142857142858,18.650534161490683,11.80952380952381,1.7714285714285714,0.0,0.0,0.0,0.726,0.7222222222222222,0.1377777777777778,33.06666666666667
Paul George,PHI,F-G,15.187559254658389,4.865142857142857,3.809142857142858,15.340968944099382,4.914285714285714,3.847619047619048,0.0,0.0,0.0,0.561,0.5368421052631579,0.1384126984126984,33.21904761904762
Malik Beasley,DET,G,14.622976397515528,2.121428571428572,1.5934285714285714,14.770683229813663,2.1428571428571432,1.6095238095238094,0.0,0.0,0.0,0.534,0.5101522842639594,0.1218650793650793,29.24761904761905
Amen Thompson,HOU,G,15.945239254658384,8.542285714285715,5.242285714285713,16.10630227743271,8.628571428571428,5.295238095238094,0.0,0.0,0.0,0.601,0.603448275862069,0.145,34.8
Deandre Ayton,POR,C,14.602020372670813,9.947142857142858,1.866857142857143,14.749515527950315,10.047619047619047,1.8857142857142857,0.0,0.0,0.0,0.579,0.5617977528089888,0.1256349206349206,30.152380952380955
Brook Lopez,MIL,C,16.264810434782618,5.336571428571429,1.9328571428571428,16.429101449275368,5.390476190476191,1.9523809523809523,0.0,0.0,0.0,0.653,0.6369426751592356,0.1331349206349206,31.95238095238096
Chet Holmgren,OKC,F-C,14.613203478260877,7.533428571428571,1.9705714285714284,14.760811594202904,7.609523809523809,1.9904761904761905,0.0,0.0,0.0,0.584,0.5401234567901234,0.1160714285714285,27.857142857142858
Matas Buzelis,CHI,F,15.037046459627334,4.752000000000001,1.8102857142857145,15.188935817805389,4.800000000000001,1.8285714285714287,0.0,0.0,0.0,0.632,0.60828025477707,0.1144047619047619,27.45714285714286
Mark Williams,CHO,C,18.472047204968952,10.739142857142856,2.7060000000000004,18.65863354037268,10.847619047619048,2.733333333333334,0.0,0.0,0.0,0.689,0.6524822695035462,0.1203174603174603,28.87619047619048
Kevin Huerter,CHI,G,12.74637913043478,3.205714285714286,3.224571428571429,12.875130434782603,3.238095238095238,3.2571428571428576,0.0,0.0,0.0,0.588,0.5828729281767956,0.1247619047619047,29.94285714285714
Dyson Daniels,ATL,G,14.415679006211182,6.864000000000002,5.2045714285714295,14.56129192546584,6.933333333333335,5.257142857142858,0.0,0.0,0.0,0.578,0.5738636363636364,0.1400396825396825,33.60952380952381
De'Andre Hunter,CLE,F,14.87105440993789,4.195714285714287,1.3577142857142857,15.021267080745345,4.238095238095238,1.3714285714285714,0.0,0.0,0.0,0.601,0.573170731707317,0.1067460317460317,25.61904761904762
Russell Westbrook,DEN,G,11.357575155279502,4.884,5.864571428571429,11.472298136645962,4.933333333333333,5.923809523809524,0.0,0.0,0.0,0.481,0.4447236180904522,0.120079365079365,28.81904761904762
Jalen Duren,DET,C,16.246002484472058,11.106857142857145,3.149142857142857,16.410103519668745,11.21904761904762,3.1809523809523808,0.0,0.0,0.0,0.68,0.6744186046511628,0.1149206349206349,27.580952380952382
Tobias Harris,DET,F,14.92592049689441,5.7608571428571445,2.008285714285714,15.076687370600414,5.819047619047621,2.0285714285714285,0.0,0.0,0.0,0.593,0.5555555555555556,0.1296031746031746,31.104761904761908
Caris LeVert,ATL,G-F,13.562975403726709,3.479142857142857,2.894571428571428,13.699975155279503,3.514285714285714,2.923809523809523,0.0,0.0,0.0,0.576,0.5484848484848485,0.1068650793650793,25.64761904761905
Harrison Barnes,SAS,F,15.837540372670812,3.1962857142857146,1.621714285714286,15.997515527950316,3.2285714285714286,1.6380952380952385,0.0,0.0,0.0,0.685,0.6524822695035462,0.1071825396825396,25.723809523809525
Jakob Poeltl,TOR,C,16.124726459627333,7.986,2.781428571428572,16.287602484472053,8.066666666666666,2.8095238095238093,0.0,0.0,0.0,0.681,0.6631205673758865,0.1103571428571428,26.485714285714288
Kyle Filipowski,UTA,F-C,13.602083478260871,8.316,1.9422857142857144,13.739478260869566,8.4,1.961904761904762,0.0,0.0,0.0,0.567,0.5446428571428571,0.1076190476190476,25.82857142857143
Bobby Portis,MIL,F,13.420612173913046,9.013714285714286,2.328857142857143,13.55617391304348,9.104761904761904,2.3523809523809525,0.0,0.0,0.0,0.546,0.5138888888888888,0.108531746031746,26.047619047619047
Jabari Smith Jr.,HOU,F,13.479889192546583,7.59,1.1314285714285717,13.616049689440992,7.666666666666666,1.1428571428571428,0.0,0.0,0.0,0.597,0.5632911392405063,0.1209920634920634,29.038095238095234
Jarrett Allen,CLE,C-F,17.000419378881986,8.721428571428572,1.8480000000000003,17.17214078674948,8.80952380952381,1.8666666666666671,0.0,0.0,0.0,0.724,0.7310924369747899,0.1134126984126984,27.219047619047625
Toumani Camara,POR,F,13.214692173913049,5.317714285714287,2.574,13.348173913043482,5.371428571428572,2.6,0.0,0.0,0.0,0.574,0.5680473372781065,0.1417460317460318,34.019047619047626
Brice Sensabaugh,UTA,F,15.253460869565222,3.4508571428571435,1.923428571428572,15.40753623188406,3.485714285714286,1.9428571428571428,0.0,0.0,0.0,0.679,0.6631205673758865,0.0979761904761904,23.51428571428572
Payton Pritchard,BOS,G,14.177783850931675,4.054285714285714,3.4131428571428573,14.320993788819877,4.095238095238095,3.447619047619048,0.0,0.0,0.0,0.585,0.5769230769230769,0.1224206349206349,29.38095238095238
Tim Hardaway Jr.,DET,G,12.70112198757764,2.4891428571428573,1.5557142857142856,12.829416149068322,2.5142857142857142,1.5714285714285714,0.0,0.0,0.0,0.594,0.5480769230769231,0.1154761904761904,27.714285714285715
Obi Toppin,IND,F,14.32618136645963,4.139142857142859,1.838571428571429,14.47089026915114,4.180952380952382,1.8571428571428568,0.0,0.0,0.0,0.67,0.6595744680851063,0.0883333333333333,21.200000000000003
Justin Edwards,PHI,G,11.163805714285717,3.648857142857143,1.857428571428572,11.276571428571431,3.685714285714286,1.8761904761904764,0.0,0.0,0.0,0.529,0.5111731843575419,0.1227380952380952,29.45714285714286
Keon Johnson,BRK,G,12.362021366459627,3.978857142857143,2.8097142857142847,12.486890269151138,4.019047619047619,2.8380952380952373,0.0,0.0,0.0,0.572,0.5493827160493827,0.108531746031746,26.047619047619047
Moritz Wagner,ORL,F-C,14.443325217391308,5.053714285714286,1.6122857142857143,14.58921739130435,5.104761904761905,1.6285714285714288,0.0,0.0,0.0,0.642,0.6287878787878788,0.0791666666666666,19.0
Kevin Porter Jr.,MIL,G,12.73590111801242,4.261714285714287,3.9222857142857146,12.86454658385093,4.3047619047619055,3.961904761904762,0.0,0.0,0.0,0.597,0.5413793103448276,0.0898015873015873,21.55238095238096
Jeff Dowtin,PHI,G,11.695544347826088,1.7442857142857144,2.3477142857142854,11.813681159420293,1.761904761904762,2.371428571428571,0.0,0.0,0.0,0.649,0.6312056737588653,0.0809523809523809,19.428571428571427
Jerami Grant,POR,F,11.551639751552797,3.4320000000000004,2.064857142857143,11.66832298136646,3.466666666666667,2.085714285714286,0.0,0.0,0.0,0.505,0.4396551724137931,0.1346031746031746,32.30476190476191
Gary Trent Jr.,MIL,G,13.40201739130435,2.055428571428572,1.3482857142857143,13.537391304347826,2.0761904761904764,1.361904761904762,0.0,0.0,0.0,0.588,0.5490196078431373,0.115079365079365,27.61904761904762
Isaiah Joe,OKC,G,14.66656099378882,2.790857142857143,1.998857142857144,14.81470807453416,2.8190476190476192,2.0190476190476194,0.0,0.0,0.0,0.711,0.6954887218045113,0.0978968253968253,23.495238095238093
Aaron Wiggins,OKC,G,13.480430310559006,4.356,1.942285714285714,13.616596273291924,4.4,1.9619047619047616,0.0,0.0,0.0,0.543,0.5287356321839081,0.1045238095238095,25.08571428571428
Jared Butler,PHI,G,10.78913888198758,2.328857142857144,4.912285714285715,10.898120082815735,2.352380952380953,4.961904761904762,0.0,0.0,0.0,0.538,0.5087209302325582,0.105515873015873,25.323809523809523
Tristan Vukcevic,WAS,F-C,11.07319304347826,4.29,1.1785714285714284,11.18504347826087,4.333333333333333,1.1904761904761902,0.0,0.0,0.0,0.567,0.5348101265822784,0.0732936507936507,17.59047619047619
Scotty Pippen Jr.,MEM,G,12.460144099378883,3.177428571428572,4.563428571428572,12.586004140786752,3.2095238095238097,4.60952380952381,0.0,0.0,0.0,0.628,0.6007194244604317,0.0966666666666666,23.200000000000003
Scoot Henderson,POR,G,10.905003726708074,3.0077142857142856,4.686,11.015155279503103,3.038095238095238,4.733333333333333,0.0,0.0,0.0,0.489,0.449438202247191,0.1114285714285714,26.742857142857144
Adem Bona,PHI,F-C,12.821643726708077,6.524571428571429,0.8014285714285714,12.951155279503109,6.59047619047619,0.8095238095238094,0.0,0.0,0.0,0.722,0.7094017094017094,0.0974999999999999,23.4
Nick Smith Jr.,CHO,G,12.004555527950314,2.4891428571428573,3.356571428571429,12.125813664596276,2.5142857142857142,3.390476190476191,0.0,0.0,0.0,0.558,0.5274390243902439,0.1114682539682539,26.75238095238096
Isaiah Collier,UTA,G,11.718435279503106,3.846857142857143,7.080857142857145,11.8368033126294,3.8857142857142857,7.1523809523809545,0.0,0.0,0.0,0.551,0.5066225165562914,0.1264285714285714,30.342857142857145
Rui Hachimura,LAL,F,14.530937142857146,4.469142857142858,1.254,14.677714285714288,4.514285714285714,1.2666666666666666,0.0,0.0,0.0,0.621,0.6076388888888888,0.1278968253968253,30.69523809523809
Keegan Murray,SAC,F,12.670032298136649,5.930571428571429,1.395428571428572,12.79801242236025,5.990476190476191,1.4095238095238098,0.0,0.0,0.0,0.564,0.5568862275449101,0.1402380952380952,33.65714285714286
Keldon Johnson,SAS,G,12.146377639751556,5.251714285714287,2.130857142857143,12.269068322981369,5.3047619047619055,2.1523809523809523,0.0,0.0,0.0,0.531,0.4878787878787878,0.1012301587301587,24.295238095238098
Tari Eason,HOU,F,12.25396173913044,6.39257142857143,1.668857142857143,12.377739130434785,6.457142857142858,1.685714285714286,0.0,0.0,0.0,0.567,0.5445859872611465,0.1109920634920634,26.63809523809524
Bilal Coulibaly,WAS,F,10.872208695652176,4.723714285714284,3.271714285714286,10.982028985507249,4.77142857142857,3.304761904761905,0.0,0.0,0.0,0.518,0.4909090909090909,0.1355952380952381,32.542857142857144
Klay Thompson,DAL,G-F,12.576845217391307,3.234,1.9705714285714284,12.70388405797102,3.2666666666666666,1.9904761904761905,0.0,0.0,0.0,0.539,0.5119760479041916,0.1123809523809524,26.97142857142857
Tre Jones,CHI,G,11.82116571428572,2.979428571428572,4.789714285714287,11.940571428571433,3.00952380952381,4.838095238095239,0.0,0.0,0.0,0.653,0.624031007751938,0.0984126984126984,23.61904761904762
Daniel Gafford,DAL,C-F,14.637734161490684,7.599428571428572,1.6877142857142855,14.7855900621118,7.676190476190476,1.7047619047619047,0.0,0.0,0.0,0.692,0.6727272727272727,0.0986507936507936,23.67619047619048
Jonathan Kuminga,GSW,F,13.170517267080749,4.412571428571429,2.3382857142857145,13.30355279503106,4.457142857142857,2.361904761904762,0.0,0.0,0.0,0.526,0.4620689655172413,0.0972222222222222,23.33333333333333
Nikola Jovic,MIA,G-F,12.939984596273291,3.960000000000001,3.6111428571428568,13.070691511387164,4.000000000000001,3.647619047619047,0.0,0.0,0.0,0.617,0.6,0.1217857142857142,29.228571428571428
Al Horford,BOS,C-F,10.887032049689443,7.392000000000001,2.460857142857143,10.997002070393377,7.466666666666668,2.4857142857142858,0.0,0.0,0.0,0.596,0.5694444444444444,0.1214285714285714,29.142857142857142
Davion Mitchell,MIA,G,11.752148571428574,2.875714285714286,5.393142857142858,11.870857142857146,2.9047619047619047,5.447619047619049,0.0,0.0,0.0,0.611,0.585820895522388,0.1340079365079365,32.161904761904765
Trendon Watford,BRK,F,10.958148074534158,3.818571428571428,3.224571428571429,11.068836438923393,3.8571428571428568,3.2571428571428576,0.0,0.0,0.0,0.563,0.5145985401459854,0.0969047619047619,23.257142857142856
Isaiah Hartenstein,OKC,F,12.171810186335405,8.98542857142857,3.337714285714286,12.294757763975156,9.076190476190476,3.371428571428572,0.0,0.0,0.0,0.628,0.6076923076923076,0.1101984126984127,26.44761904761905
Ayo Dosunmu,CHI,G,12.789734161490683,2.9417142857142857,4.440857142857142,12.918923395445136,2.9714285714285715,4.485714285714285,0.0,0.0,0.0,0.59,0.5704225352112676,0.1274206349206349,30.580952380952382
Kel'el Ware,MIA,C,11.479720248447206,10.07914285714286,1.1408571428571432,11.59567701863354,10.180952380952382,1.1523809523809527,0.0,0.0,0.0,0.619,0.6167883211678832,0.1144047619047619,27.45714285714286
Johnny Juzang,UTA,G,10.885900621118012,3.0737142857142854,1.32,10.995859213250515,3.1047619047619044,1.3333333333333333,0.0,0.0,0.0,0.565,0.5487012987012987,0.0959523809523809,23.02857142857143
Jose Alvarado,NOP,G,9.646117267080744,2.5645714285714285,5.082000000000001,9.743552795031055,2.59047619047619,5.133333333333334,0.0,0.0,0.0,0.489,0.4651162790697674,0.1097619047619047,26.342857142857145
Donte DiVincenzo,MIN,G,12.893612422360247,3.724285714285714,3.724285714285714,13.023850931677018,3.7619047619047614,3.7619047619047614,0.0,0.0,0.0,0.589,0.5844594594594594,0.1055555555555555,25.33333333333333
Bub Carrington,WAS,G,10.369788819875778,4.572857142857144,5.421428571428572,10.474534161490684,4.61904761904762,5.476190476190476,0.0,0.0,0.0,0.51,0.4909090909090909,0.1313492063492063,31.52380952380953
Naz Reid,MIN,F,12.8587349068323,6.505714285714287,2.866285714285714,12.988621118012423,6.571428571428572,2.895238095238095,0.0,0.0,0.0,0.548,0.538961038961039,0.1183730158730158,28.40952380952381
Jrue Holiday,BOS,G,10.757573664596276,4.290000000000001,4.026000000000001,10.866236024844724,4.333333333333334,4.066666666666667,0.0,0.0,0.0,0.577,0.5513698630136986,0.1302380952380952,31.257142857142856
Guerschon Yabusele,PHI,F-C,11.561724223602488,5.996571428571428,2.442,11.678509316770189,6.057142857142857,2.4666666666666663,0.0,0.0,0.0,0.57,0.5471014492753623,0.122063492063492,29.295238095238098
Corey Kispert,WAS,G-F,12.151985590062116,2.8474285714285714,1.7914285714285716,12.274732919254662,2.876190476190476,1.809523809523809,0.0,0.0,0.0,0.603,0.5740740740740741,0.1048015873015873,25.152380952380955
Dennis Schroder,DET,G,9.73881242236025,2.7060000000000004,5.346,9.837184265010352,2.7333333333333334,5.4,0.0,0.0,0.0,0.512,0.4195804195804196,0.1114682539682539,26.75238095238095
Ausar Thompson,DET,G,11.226821366459632,5.402571428571429,2.574,11.340223602484476,5.457142857142857,2.6,0.0,0.0,0.0,0.558,0.5182481751824818,0.1032936507936508,24.79047619047619
Orlando Robinson,TOR,F,9.228128198757766,6.807428571428571,2.3854285714285712,9.321341614906832,6.876190476190476,2.409523809523809,0.0,0.0,0.0,0.537,0.5034013605442177,0.0957142857142857,22.97142857142857
Jordan Hawkins,NOP,G,10.196959006211182,3.2057142857142864,1.3765714285714288,10.299958592132509,3.2380952380952386,1.3904761904761906,0.0,0.0,0.0,0.527,0.5064935064935064,0.1031349206349206,24.75238095238096
D'Angelo Russell,BRK,G,10.037509565217391,2.772,5.261142857142858,10.138898550724637,2.8000000000000003,5.314285714285714,0.0,0.0,0.0,0.476,0.4431137724550898,0.1037698412698412,24.904761904761905
Fred VanVleet,HOU,G,10.38602236024845,3.0171428571428573,4.95,10.490931677018636,3.047619047619048,5.0,0.0,0.0,0.0,0.491,0.4570552147239264,0.145079365079365,34.81904761904762
Luguentz Dort,OKC,G,11.91799304347826,3.9317142857142855,1.5462857142857145,12.0383768115942,3.971428571428571,1.5619047619047617,0.0,0.0,0.0,0.637,0.6455223880597015,0.124563492063492,29.89523809523809
Duncan Robinson,MIA,G-F,12.096939130434782,1.7725714285714285,1.6405714285714283,12.219130434782608,1.7904761904761903,1.6571428571428568,0.0,0.0,0.0,0.63,0.6153846153846154,0.0978571428571428,23.485714285714284
Jeremy Sochan,SAS,F-G,10.348652422360251,5.176285714285715,2.1591428571428573,10.453184265010355,5.228571428571429,2.180952380952381,0.0,0.0,0.0,0.559,0.5328467153284672,0.0990079365079365,23.761904761904763
Karlo Matković,NOP,F-C,12.205851428571432,5.742000000000001,1.2822857142857145,12.32914285714286,5.800000000000001,1.2952380952380953,0.0,0.0,0.0,0.667,0.6541666666666667,0.0925396825396825,22.20952380952381
Santi Aldama,MEM,F,11.314777639751554,5.430857142857144,3.224571428571429,11.429068322981369,5.485714285714287,3.2571428571428576,0.0,0.0,0.0,0.561,0.5460992907801419,0.1109920634920634,26.63809523809524
Khris Middleton,WAS,F-G,11.13529043478261,3.620571428571429,3.564000000000001,11.24776811594203,3.6571428571428575,3.600000000000001,0.0,0.0,0.0,0.553,0.4963235294117647,0.0954761904761904,22.91428571428572
Antonio Reeves,NOP,G,9.632982857142858,1.536857142857143,1.1597142857142857,9.730285714285715,1.5523809523809524,1.1714285714285713,0.0,0.0,0.0,0.621,0.6031746031746031,0.078531746031746,18.847619047619048
Ziaire Williams,BRK,F,11.32681341614907,4.271142857142857,1.1974285714285715,11.441225672877849,4.314285714285714,1.2095238095238094,0.0,0.0,0.0,0.596,0.5692307692307692,0.1101587301587301,26.43809523809524
Julian Champagnie,SAS,F,10.129729192546584,3.818571428571429,1.6122857142857143,10.232049689440991,3.857142857142857,1.6285714285714288,0.0,0.0,0.0,0.572,0.5335820895522388,0.0943650793650793,22.64761904761905
Ryan Dunn,PHO,F,7.705520496894411,4.365428571428572,0.5091428571428573,7.783354037267081,4.40952380952381,0.5142857142857145,0.0,0.0,0.0,0.528,0.5230263157894737,0.0898809523809523,21.571428571428573
Nic Claxton,BRK,C,12.08018086956522,7.212857142857143,2.5362857142857145,12.202202898550729,7.285714285714285,2.5619047619047617,0.0,0.0,0.0,0.634,0.65,0.1147619047619047,27.54285714285714
Justin Champagnie,WAS,F,10.498082981366464,7.429714285714287,0.9805714285714286,10.604124223602488,7.504761904761905,0.9904761904761904,0.0,0.0,0.0,0.608,0.5984251968503937,0.1081349206349206,25.95238095238096
Kyshawn George,WAS,G,9.55106086956522,4.80857142857143,2.951142857142857,9.64753623188406,4.857142857142858,2.980952380952381,0.0,0.0,0.0,0.53,0.506896551724138,0.115515873015873,27.723809523809525
Ja'Kobe Walter,TOR,G,9.321659627329195,3.762000000000001,1.753714285714286,9.415817805383028,3.800000000000001,1.7714285714285718,0.0,0.0,0.0,0.544,0.4890510948905109,0.0984126984126984,23.61904761904762
Bogdan Bogdanovic,LAC,G,13.160973913043478,3.120857142857143,3.3942857142857137,13.29391304347826,3.1523809523809523,3.428571428571428,0.0,0.0,0.0,0.686,0.6651785714285714,0.1022619047619047,24.54285714285714
Sam Hauser,BOS,F,11.689460869565218,3.432,0.7542857142857143,11.80753623188406,3.4666666666666663,0.7619047619047619,0.0,0.0,0.0,0.67,0.6666666666666666,0.1009920634920635,24.23809523809524
Jaden McDaniels,MIN,F,11.9049898136646,5.836285714285715,2.234571428571429,12.025242236024846,5.895238095238096,2.2571428571428576,0.0,0.0,0.0,0.537,0.5174825174825175,0.1311507936507936,31.476190476190474
Anthony Black,ORL,G,9.785430559006215,3.3282857142857143,2.772,9.884273291925467,3.361904761904762,2.8000000000000003,0.0,0.0,0.0,0.549,0.5147058823529411,0.0974603174603174,23.3904761904762
Walker Kessler,UTA,C,10.803667080745344,12.804000000000004,1.8008571428571432,10.912795031055904,12.933333333333335,1.8190476190476192,0.0,0.0,0.0,0.556,0.5625,0.1239285714285714,29.742857142857144
Miles McBride,NYK,G,8.363520000000001,2.583428571428572,3.205714285714285,8.448,2.6095238095238096,3.2380952380952377,0.0,0.0,0.0,0.483,0.475,0.1137698412698413,27.30476190476191
Georges Niang,ATL,F,11.541817639751557,2.3760000000000003,1.3294285714285716,11.658401656314703,2.4000000000000004,1.342857142857143,0.0,0.0,0.0,0.596,0.5852713178294574,0.0904761904761904,21.714285714285715
Cole Anthony,ORL,G,11.293542857142857,3.837428571428572,3.186857142857143,11.407619047619043,3.876190476190476,3.219047619047619,0.0,0.0,0.0,0.565,0.515625,0.0965873015873016,23.180952380952384
Gradey Dick,TOR,G,9.831294409937891,4.007142857142858,1.3105714285714287,9.93060041407868,4.047619047619048,1.323809523809524,0.0,0.0,0.0,0.52,0.4781021897810219,0.1138492063492063,27.323809523809523
Ricky Council IV,PHI,G,7.453753043478262,4.337142857142858,1.7725714285714291,7.52904347826087,4.380952380952381,1.7904761904761908,0.0,0.0,0.0,0.474,0.4035714285714286,0.0905952380952381,21.742857142857144
Jamal Shead,TOR,G,8.054640000000001,2.036571428571429,5.412000000000001,8.136000000000001,2.0571428571428574,5.466666666666667,0.0,0.0,0.0,0.483,0.4503311258278146,0.0987301587301587,23.695238095238096
Max Strus,CLE,G,11.61040844720497,4.374857142857143,3.3000000000000003,11.72768530020704,4.419047619047619,3.333333333333333,0.0,0.0,0.0,0.649,0.6327433628318584,0.1099603174603174,26.3904761904762
Yves Missi,NOP,C,9.70063900621118,8.334857142857143,1.3765714285714288,9.798625258799172,8.41904761904762,1.3904761904761904,0.0,0.0,0.0,0.584,0.5648148148148148,0.110079365079365,26.419047619047618
Ochai Agbaji,TOR,G,10.133467826086957,3.743142857142857,1.2162857142857144,10.23582608695652,3.780952380952381,1.2285714285714286,0.0,0.0,0.0,0.588,0.5736434108527132,0.0999603174603174,23.990476190476187
Dorian Finney-Smith,LAL,F,10.694656397515528,3.818571428571429,1.7160000000000002,10.802683229813663,3.857142857142857,1.7333333333333334,0.0,0.0,0.0,0.671,0.6666666666666666,0.1291269841269841,30.990476190476187
Jusuf Nurkic,CHO,C,9.08487950310559,6.024857142857144,2.564571428571429,9.176645962732918,6.085714285714286,2.5904761904761906,0.0,0.0,0.0,0.57,0.5491803278688525,0.0747222222222222,17.933333333333334
Josh Hart,NYK,G,10.94480049689441,9.051428571428572,6.477428571428572,11.05535403726708,9.142857142857142,6.542857142857144,0.0,0.0,0.0,0.531,0.5111940298507462,0.1552380952380952,37.25714285714286
Jalen Wilson,BRK,F,9.042377142857148,3.3754285714285714,1.7160000000000006,9.133714285714287,3.4095238095238094,1.7333333333333338,0.0,0.0,0.0,0.552,0.5120967741935484,0.0925793650793651,22.219047619047625
Sandro Mamukelashvili,SAS,C-F,9.236654906832303,4.101428571428572,1.056,9.32995445134576,4.142857142857144,1.0666666666666669,0.0,0.0,0.0,0.607,0.5826086956521739,0.0638492063492063,15.323809523809524
Kelly Olynyk,NOP,C-F,10.00104149068323,4.8745714285714286,3.460285714285715,10.102062111801242,4.923809523809524,3.495238095238096,0.0,0.0,0.0,0.591,0.5373831775700935,0.0993650793650793,23.847619047619048
Nick Richards,PHO,F-C,10.611422608695657,7.599428571428572,0.5185714285714287,10.718608695652176,7.6761904761904765,0.5238095238095238,0.0,0.0,0.0,0.642,0.6181818181818182,0.0913492063492063,21.923809523809524
KJ Simpson,CHO,G,7.178930683229816,3.347142857142857,3.4131428571428577,7.2514451345755715,3.3809523809523805,3.447619047619048,0.0,0.0,0.0,0.457,0.4308176100628931,0.1107936507936508,26.590476190476195
Cason Wallace,OKC,G,10.710398012422363,3.234,2.668285714285714,10.81858385093168,3.2666666666666666,2.695238095238095,0.0,0.0,0.0,0.636,0.6238938053097345,0.1152777777777777,27.666666666666668
Andrew Nembhard,IND,G,8.778377142857146,3.5922857142857145,4.818,8.867047619047622,3.628571428571429,4.866666666666666,0.0,0.0,0.0,0.529,0.4961538461538461,0.1249206349206349,29.98095238095238
Wendell Carter Jr.,ORL,C,9.585610434782607,7.1657142857142855,1.4331428571428568,9.682434782608697,7.238095238095237,1.4476190476190474,0.0,0.0,0.0,0.567,0.5336134453781513,0.1117460317460317,26.81904761904762
Gary Payton II,GSW,G,10.691999999999998,3.234,1.32,10.799999999999995,3.266666666666666,1.3333333333333333,0.0,0.0,0.0,0.69,0.6875,0.0718650793650793,17.247619047619047
Jaden Hardy,DAL,G,9.914003478260868,1.5557142857142856,1.5651428571428574,10.01414492753623,1.5714285714285712,1.580952380952381,0.0,0.0,0.0,0.572,0.5512820512820513,0.0693253968253968,16.638095238095236
Ryan Rollins,MIL,G,9.505590559006215,2.3477142857142863,2.913428571428572,9.601606625258803,2.371428571428572,2.942857142857143,0.0,0.0,0.0,0.661,0.6421568627450981,0.0788095238095238,18.91428571428572
Moses Moody,GSW,G,9.333744596273297,3.0831428571428576,1.5180000000000005,9.4280248447205,3.1142857142857148,1.5333333333333337,0.0,0.0,0.0,0.517,0.4810606060606061,0.1117857142857143,26.82857142857143
Tyus Jones,PHO,G,9.521053416149073,2.366571428571429,3.9411428571428577,9.617225672877847,2.390476190476191,3.9809523809523815,0.0,0.0,0.0,0.608,0.5982905982905983,0.0908333333333333,21.8
Max Christie,DAL,G,9.6419850931677,4.120285714285714,2.1214285714285714,9.739378881987577,4.161904761904762,2.142857142857143,0.0,0.0,0.0,0.537,0.4833333333333333,0.1201984126984126,28.847619047619045
Alex Caruso,OKC,G,9.77977341614907,3.168,2.498571428571428,9.87855900621118,3.2,2.523809523809524,0.0,0.0,0.0,0.642,0.5969387755102041,0.0811507936507936,19.476190476190474
Nickeil Alexander-Walker,MIN,G,9.947126459627327,3.7525714285714287,3.168,10.04760248447205,3.7904761904761903,3.2,0.0,0.0,0.0,0.568,0.5136363636363637,0.1090079365079365,26.16190476190476
Derrick Jones Jr.,LAC,F,10.620523229813664,2.866285714285714,0.6411428571428572,10.727801242236026,2.895238095238095,0.6476190476190476,0.0,0.0,0.0,0.627,0.6067961165048543,0.0964285714285714,23.142857142857142
Brandon Clarke,MEM,F,10.61120944099379,5.072571428571427,1.150285714285714,10.7183933747412,5.1238095238095225,1.1619047619047616,0.0,0.0,0.0,0.653,0.6326530612244898,0.0794841269841269,19.07619047619048
Jamison Battle,TOR,F,7.684859627329195,3.432000000000001,0.8674285714285714,7.7624844720496915,3.4666666666666672,0.8761904761904762,0.0,0.0,0.0,0.535,0.5267175572519084,0.0973412698412698,23.361904761904764
Terance Mann,ATL,G-F,9.826440745341614,2.9982857142857138,1.763142857142857,9.925697722567286,3.028571428571428,1.7809523809523806,0.0,0.0,0.0,0.614,0.5909090909090909,0.0926587301587301,22.23809523809524
Bruce Brown,NOP,G-F,7.833913043478261,4.073142857142858,2.423142857142857,7.913043478260869,4.114285714285715,2.447619047619048,0.0,0.0,0.0,0.525,0.496,0.1020238095238095,24.485714285714288
Grayson Allen,PHO,G,10.362442732919256,2.621142857142857,2.206285714285714,10.467113871635611,2.6476190476190475,2.228571428571428,0.0,0.0,0.0,0.622,0.58,0.0941666666666666,22.6
Lonzo Ball,CHI,G,7.750384099378883,3.582857142857143,2.998285714285715,7.828670807453417,3.619047619047619,3.028571428571429,0.0,0.0,0.0,0.516,0.4923664122137404,0.1002380952380952,24.057142857142857
Buddy Hield,GSW,G-F,9.760424347826088,3.168,1.386,9.859014492753625,3.2,1.4,0.0,0.0,0.0,0.574,0.5470085470085471,0.089563492063492,21.495238095238097
Zach Edey,MEM,C,9.79266186335404,9.372,1.159714285714286,9.891577639751556,9.466666666666669,1.1714285714285717,0.0,0.0,0.0,0.636,0.6,0.0949603174603174,22.79047619047619
Alec Burks,MIA,G,9.260004968944102,2.630571428571429,1.1220000000000003,9.35354037267081,2.657142857142857,1.1333333333333335,0.0,0.0,0.0,0.624,0.6146788990825688,0.0773015873015873,18.55238095238096
Tyrese Martin,BRK,G,8.223222857142861,3.3660000000000005,2.6965714285714286,8.306285714285718,3.4000000000000004,2.723809523809524,0.0,0.0,0.0,0.529,0.5118110236220472,0.0958730158730158,23.009523809523813
Marcus Smart,WAS,G,8.991774409937886,1.9894285714285715,2.8851428571428563,9.082600414078671,2.009523809523809,2.9142857142857137,0.0,0.0,0.0,0.563,0.5321100917431193,0.0801190476190476,19.228571428571428
Kentavious Caldwell-Pope,ORL,G,10.495492173913044,2.687142857142857,1.6971428571428568,10.60150724637681,2.714285714285714,1.714285714285714,0.0,0.0,0.0,0.698,0.6774193548387096,0.1190873015873015,28.580952380952382
Eric Gordon,PHI,G-F,9.195562732919257,1.3954285714285717,2.0460000000000003,9.288447204968945,1.4095238095238096,2.066666666666667,0.0,0.0,0.0,0.67,0.648936170212766,0.0904365079365079,21.704761904761902
Richaun Holmes,WAS,C-F,10.113085714285711,6.166285714285715,1.499142857142857,10.215238095238094,6.2285714285714295,1.5142857142857142,0.0,0.0,0.0,0.713,0.6538461538461539,0.075595238095238,18.142857142857142
Luke Kornet,BOS,C-F,9.61878260869565,5.742,1.612285714285714,9.715942028985506,5.8,1.6285714285714283,0.0,0.0,0.0,0.7,0.6976744186046512,0.0857539682539682,20.580952380952382
Chris Paul,SAS,G,8.49712695652174,3.0171428571428573,5.836285714285713,8.582956521739131,3.0476190476190474,5.895238095238095,0.0,0.0,0.0,0.597,0.5879629629629629,0.1084523809523809,26.02857142857143
DaQuan Jeffries,CHO,G-F,7.37593043478261,3.0925714285714285,1.3011428571428572,7.450434782608696,3.123809523809524,1.3142857142857145,0.0,0.0,0.0,0.54,0.521551724137931,0.1099603174603174,26.3904761904762
Dereck Lively II,DAL,C,10.851088695652177,7.222285714285714,2.281714285714286,10.960695652173914,7.295238095238095,2.304761904761905,0.0,0.0,0.0,0.728,0.7195121951219512,0.0944047619047619,22.65714285714285
Keon Ellis,SAC,G,11.052384596273292,3.1020000000000003,1.9422857142857144,11.164024844720496,3.1333333333333333,1.9619047619047616,0.0,0.0,0.0,0.711,0.6904761904761905,0.1196031746031745,28.704761904761902
Mike Conley,MIN,G,9.409812670807456,2.451428571428571,4.723714285714285,9.504861283643892,2.476190476190476,4.771428571428571,0.0,0.0,0.0,0.632,0.6052631578947368,0.1048809523809523,25.17142857142857
Kai Jones,DAL,F-C,10.190334409937888,3.950571428571428,0.7448571428571429,10.29326708074534,3.99047619047619,0.7523809523809524,0.0,0.0,0.0,0.856,0.8602941176470589,0.058095238095238,13.942857142857145
Brandon Boston Jr.,NOP,G-F,8.704916273291927,2.7060000000000004,1.159714285714286,8.792844720496895,2.7333333333333334,1.1714285714285717,0.0,0.0,0.0,0.533,0.5,0.0839285714285714,20.142857142857142
Kessler Edwards,DAL,F,7.765289440993789,4.110857142857143,1.395428571428572,7.843726708074534,4.152380952380953,1.4095238095238098,0.0,0.0,0.0,0.655,0.6382978723404256,0.0890079365079365,21.361904761904764
Chris Boucher,TOR,F,9.651577639751554,4.506857142857144,0.6505714285714288,9.749068322981367,4.552380952380953,0.6571428571428574,0.0,0.0,0.0,0.6,0.58,0.0688492063492063,16.523809523809526
Jarace Walker,IND,F,8.27546534161491,2.790857142857143,1.433142857142857,8.35905590062112,2.8190476190476192,1.4476190476190476,0.0,0.0,0.0,0.699,0.6875,0.0624206349206349,14.980952380952385
Patrick Williams,CHI,F,8.326527204968944,3.309428571428572,1.6782857142857146,8.41063354037267,3.3428571428571434,1.6952380952380954,0.0,0.0,0.0,0.568,0.5566037735849056,0.0952777777777777,22.866666666666667
Donovan Clingan,POR,C,7.957812670807452,9.702,1.6782857142857144,8.038194616977224,9.8,1.6952380952380952,0.0,0.0,0.0,0.563,0.545,0.1069047619047618,25.65714285714285
Tidjane Salaün,CHO,F,7.287580621118015,5.459142857142858,1.5274285714285718,7.361192546583853,5.514285714285715,1.5428571428571431,0.0,0.0,0.0,0.564,0.5306122448979592,0.0949603174603174,22.79047619047619
Jeremiah Robinson-Earl,NOP,F,7.901552795031057,4.704857142857144,1.508571428571429,7.9813664596273295,4.752380952380953,1.5238095238095235,0.0,0.0,0.0,0.625,0.6,0.0851587301587301,20.43809523809524
Cam Whitmore,HOU,F,9.852824347826092,2.809714285714286,1.1974285714285715,9.952347826086962,2.8380952380952382,1.2095238095238094,0.0,0.0,0.0,0.651,0.6333333333333333,0.0631349206349206,15.152380952380955
Noah Clowney,BRK,F,7.067968695652174,4.176857142857142,0.905142857142857,7.139362318840579,4.219047619047618,0.914285714285714,0.0,0.0,0.0,0.443,0.3961538461538461,0.1039285714285714,24.94285714285714
Collin Gillespie,PHO,G,6.469606956521739,2.9794285714285715,2.913428571428571,6.53495652173913,3.009523809523809,2.942857142857142,0.0,0.0,0.0,0.539,0.5178571428571429,0.0722619047619047,17.34285714285714
Quinten Post,GSW,F,8.883977142857143,3.3754285714285714,1.1974285714285715,8.973714285714285,3.4095238095238094,1.2095238095238094,0.0,0.0,0.0,0.598,0.5891089108910891,0.0737698412698412,17.704761904761906
Taurean Prince,MIL,F,9.41914285714286,3.1962857142857146,1.716,9.514285714285716,3.2285714285714286,1.7333333333333332,0.0,0.0,0.0,0.621,0.6105263157894737,0.1209126984126984,29.019047619047623
Peyton Watson,DEN,G-F,6.864000000000002,3.5451428571428574,1.254,6.933333333333335,3.580952380952381,1.2666666666666666,0.0,0.0,0.0,0.52,0.5047169811320755,0.1059523809523809,25.428571428571427
Julian Strawther,DEN,F,7.89840447204969,2.347714285714286,1.2068571428571429,7.978186335403727,2.3714285714285714,1.2190476190476192,0.0,0.0,0.0,0.523,0.504424778761062,0.0893650793650793,21.44761904761905
Landry Shamet,NYK,G,7.629599999999999,1.5651428571428572,0.6411428571428573,7.706666666666665,1.5809523809523809,0.6476190476190478,0.0,0.0,0.0,0.595,0.5931372549019608,0.0776984126984127,18.64761904761905
Jaylin Williams,OKC,F,9.013911055900625,6.100285714285716,2.913428571428572,9.10496066252588,6.161904761904763,2.942857142857143,0.0,0.0,0.0,0.731,0.7302631578947368,0.0752777777777777,18.066666666666663
Talen Horton-Tucker,CHI,G-F,7.121506583850934,1.499142857142857,1.2917142857142856,7.193440993788822,1.5142857142857142,1.3047619047619046,0.0,0.0,0.0,0.576,0.5222222222222223,0.0540873015873015,12.980952380952385
Jonathan Mogbo,TOR,F,6.042156521739131,5.742,3.1208571428571426,6.103188405797102,5.8,3.152380952380952,0.0,0.0,0.0,0.47,0.439516129032258,0.1025396825396825,24.609523809523807
Seth Curry,CHO,G,8.96224248447205,1.8574285714285712,1.4331428571428568,9.052770186335405,1.876190476190476,1.4476190476190474,0.0,0.0,0.0,0.653,0.625,0.0778174603174603,18.67619047619048
Bol Bol,PHO,F-C,9.438278757763978,3.252857142857144,0.7920000000000001,9.5336149068323,3.285714285714286,0.8,0.0,0.0,0.0,0.696,0.6785714285714286,0.0594047619047619,14.257142857142856
T.J. McConnell,IND,G,7.2654111801242225,2.564571428571428,4.667142857142856,7.338799171842648,2.5904761904761897,4.7142857142857135,0.0,0.0,0.0,0.53,0.5137614678899083,0.071547619047619,17.17142857142857
Draymond Green,GSW,F,7.507438509316772,6.213428571428572,5.440285714285714,7.583271221532093,6.276190476190477,5.495238095238095,0.0,0.0,0.0,0.485,0.4568965517241379,0.1241666666666666,29.8
Kyle Anderson,MIA,F-G,7.22848397515528,3.846857142857143,2.6682857142857146,7.301498964803313,3.8857142857142857,2.6952380952380954,0.0,0.0,0.0,0.577,0.5463917525773195,0.0785714285714285,18.857142857142858
Ajay Mitchell,OKC,G,8.418156521739133,2.1025714285714288,1.8762857142857143,8.503188405797104,2.123809523809524,1.895238095238096,0.0,0.0,0.0,0.665,0.6280487804878049,0.0712698412698412,17.104761904761904
Trey Lyles,SAC,F,7.407479254658385,4.818,1.4614285714285715,7.482302277432712,4.866666666666666,1.4761904761904765,0.0,0.0,0.0,0.608,0.5795454545454546,0.0887301587301587,21.295238095238098
Josh Okogie,CHOPHO,G,6.520701614906834,2.5928571428571434,0.9522857142857144,6.58656728778468,2.6190476190476195,0.9619047619047618,0.0,0.0,0.0,0.544,0.4666666666666667,0.0673015873015873,16.152380952380955
Dalano Banton,POR,G-F,5.286231055900622,1.998857142857144,2.6117142857142865,5.339627329192547,2.0190476190476194,2.6380952380952385,0.0,0.0,0.0,0.405,0.3602941176470588,0.0771031746031746,18.504761904761907
Kenrich Williams,OKC,G-F,7.405200000000002,3.554571428571429,1.9894285714285715,7.480000000000001,3.590476190476191,2.009523809523809,0.0,0.0,0.0,0.595,0.5885416666666666,0.0809126984126984,19.41904761904762
Jabari Walker,POR,F,8.595266086956524,4.195714285714287,0.6128571428571429,8.682086956521742,4.238095238095238,0.6190476190476191,0.0,0.0,0.0,0.687,0.6710526315789473,0.061547619047619,14.77142857142857
Gabe Vincent,LAL,G,7.938988322981366,1.4425714285714288,1.272857142857143,8.019180124223602,1.4571428571428573,1.2857142857142856,0.0,0.0,0.0,0.589,0.5816326530612245,0.0918650793650793,22.047619047619047
Marcus Sasser,DET,G,8.50042285714286,1.2351428571428569,2.1497142857142864,8.586285714285717,1.2476190476190474,2.171428571428572,0.0,0.0,0.0,0.683,0.6578947368421053,0.0539682539682539,12.952380952380953
Andre Drummond,PHI,C,6.679905093167704,7.014857142857143,1.1125714285714283,6.747378881987579,7.085714285714285,1.1238095238095238,0.0,0.0,0.0,0.541,0.5,0.0713492063492063,17.123809523809523
Royce O'Neale,PHO,F,7.808693664596275,3.9882857142857135,2.262857142857143,7.887569358178055,4.0285714285714285,2.2857142857142856,0.0,0.0,0.0,0.548,0.5476190476190477,0.0939682539682539,22.55238095238096
Ron Holland,DET,F,7.361008695652173,2.932285714285714,1.4520000000000002,7.435362318840579,2.9619047619047616,1.4666666666666668,0.0,0.0,0.0,0.605,0.5802469135802469,0.0655555555555555,15.733333333333333
Vit Krejci,ATL,G,11.78987925465839,2.790857142857144,2.328857142857143,11.908968944099383,2.81904761904762,2.3523809523809525,0.0,0.0,0.0,0.838,0.8306451612903226,0.0866666666666666,20.800000000000004
Jaylen Wells,MEM,F,6.441567204968945,3.7337142857142864,1.6877142857142855,6.506633540372671,3.771428571428572,1.7047619047619045,0.0,0.0,0.0,0.466,0.412037037037037,0.1043650793650793,25.047619047619047
Aaron Holiday,HOU,G,7.952811428571431,1.508571428571429,1.5934285714285712,8.03314285714286,1.5238095238095235,1.6095238095238091,0.0,0.0,0.0,0.639,0.6280487804878049,0.0607539682539682,14.580952380952382
Colby Jones,SACWAS,G,5.361315279503106,3.0077142857142856,1.7254285714285715,5.415469979296067,3.038095238095238,1.7428571428571429,0.0,0.0,0.0,0.557,0.5232558139534884,0.0779761904761904,18.714285714285715
Luke Kennard,MEM,G,7.615006211180124,2.724857142857142,3.036,7.691925465838509,2.752380952380952,3.0666666666666664,0.0,0.0,0.0,0.6,0.5842696629213483,0.0978174603174603,23.476190476190474
Day'Ron Sharpe,BRK,C,7.706733913043478,6.901714285714288,2.140285714285715,7.784579710144927,6.971428571428573,2.1619047619047627,0.0,0.0,0.0,0.569,0.5444444444444444,0.0807142857142857,19.371428571428574
Clint Capela,ATL,C,6.948250434782611,7.590000000000002,0.8674285714285713,7.018434782608698,7.666666666666668,0.8761904761904761,0.0,0.0,0.0,0.531,0.5161290322580645,0.0799206349206349,19.18095238095238
Isaac Okoro,CLE,G-F,7.209512049689444,2.508000000000001,0.8580000000000002,7.2823354037267105,2.533333333333334,0.8666666666666668,0.0,0.0,0.0,0.629,0.60625,0.0771825396825396,18.52380952380953
Sam Merrill,CLE,G,7.294598757763973,2.6494285714285715,1.6782857142857146,7.368281573498963,2.6761904761904765,1.6952380952380954,0.0,0.0,0.0,0.58,0.5797872340425532,0.0889682539682539,21.352380952380955
Jaxson Hayes,LAL,F,9.135990559006212,5.402571428571428,1.0654285714285714,9.228273291925468,5.457142857142856,1.076190476190476,0.0,0.0,0.0,0.687,0.7272727272727273,0.0873412698412698,20.96190476190476
Duop Reath,POR,C,5.515074782608696,2.960571428571428,0.8674285714285713,5.5707826086956524,2.99047619047619,0.8761904761904761,0.0,0.0,0.0,0.539,0.5106382978723404,0.0622222222222222,14.933333333333334
Josh Green,CHO,G-F,6.93496844720497,2.064857142857143,1.8197142857142856,7.005018633540374,2.085714285714286,1.838095238095238,0.0,0.0,0.0,0.528,0.5108695652173914,0.1097619047619047,26.342857142857145
Jamal Cain,NOP,F,5.797899130434784,2.244,0.66,5.856463768115943,2.2666666666666666,0.6666666666666666,0.0,0.0,0.0,0.574,0.54375,0.0578571428571428,13.885714285714286
Svi Mykhailiuk,UTA,G-F,6.681266086956522,2.3100000000000005,2.149714285714285,6.7487536231884055,2.333333333333333,2.171428571428572,0.0,0.0,0.0,0.476,0.4519230769230769,0.0826587301587301,19.83809523809524
Jonas Valančiūnas,SAC,C,7.979031055900621,6.185142857142858,1.3765714285714288,8.059627329192546,6.247619047619048,1.3904761904761906,0.0,0.0,0.0,0.6,0.5454545454545454,0.0640873015873016,15.38095238095238
Caleb Houstan,ORL,G-F,8.057493167701864,1.772571428571429,0.8674285714285713,8.13888198757764,1.7904761904761906,0.8761904761904761,0.0,0.0,0.0,0.799,0.796875,0.0705952380952381,16.942857142857143
Cory Joseph,ORL,G,5.833744099378883,2.3477142857142863,2.2722857142857147,5.892670807453417,2.371428571428572,2.2952380952380955,0.0,0.0,0.0,0.59,0.5670731707317073,0.0784523809523809,18.82857142857143
Kris Dunn,LAC,G,6.835714285714286,3.328285714285714,2.347714285714286,6.904761904761905,3.361904761904761,2.3714285714285714,0.0,0.0,0.0,0.575,0.5574712643678161,0.1036111111111111,24.866666666666667
Isaiah Stewart,DET,F-C,7.88002285714286,4.987714285714286,1.7631428571428571,7.95961904761905,5.038095238095239,1.780952380952381,0.0,0.0,0.0,0.674,0.6544117647058824,0.0807936507936508,19.3904761904762
Jake LaRavia,SAC,F,5.75962732919255,3.2057142857142864,1.3011428571428574,5.817805383022777,3.2380952380952386,1.3142857142857145,0.0,0.0,0.0,0.562,0.5411764705882353,0.081547619047619,19.571428571428573
Amir Coffey,LAC,G,7.790131677018633,1.6688571428571428,0.942857142857143,7.8688198757763965,1.6857142857142855,0.9523809523809524,0.0,0.0,0.0,0.555,0.5238095238095238,0.0894444444444444,21.466666666666665
A.J. Green,MIL,G,7.495533913043479,2.5268571428571427,1.668857142857143,7.571246376811595,2.552380952380952,1.685714285714286,0.0,0.0,0.0,0.634,0.6363636363636364,0.0976587301587301,23.43809523809524
Reed Sheppard,HOU,G,5.753888198757764,1.7442857142857142,1.499142857142857,5.812008281573498,1.7619047619047616,1.5142857142857142,0.0,0.0,0.0,0.58,0.5714285714285714,0.0559523809523809,13.428571428571429
Jalen Smith,CHI,F,6.684283229813666,5.374285714285714,1.2445714285714289,6.751801242236026,5.428571428571428,1.2571428571428571,0.0,0.0,0.0,0.516,0.4831460674157303,0.0596428571428571,14.314285714285717
Moussa Diabaté,CHO,F,7.737987577639751,4.789714285714286,0.7354285714285714,7.816149068322981,4.838095238095238,0.7428571428571429,0.0,0.0,0.0,0.66,0.639344262295082,0.0619444444444444,14.866666666666664
Mason Plumlee,PHO,C-F,7.171043478260871,5.855142857142858,1.6028571428571432,7.2434782608695665,5.914285714285715,1.6190476190476193,0.0,0.0,0.0,0.735,0.7021276595744681,0.0719444444444444,17.26666666666667
Oso Ighodaro,PHO,F,5.530685217391307,4.224,1.4991428571428576,5.586550724637683,4.266666666666667,1.5142857142857145,0.0,0.0,0.0,0.634,0.6176470588235294,0.0873412698412698,20.96190476190477
Baylor Scheierman,BOS,G,5.103234782608697,2.1685714285714286,1.2634285714285711,5.154782608695653,2.1904761904761902,1.276190476190476,0.0,0.0,0.0,0.63,0.6180555555555556,0.0584126984126984,14.019047619047615
Pelle Larsson,MIA,G,5.027920993788822,1.895142857142858,1.4802857142857144,5.078708074534164,1.9142857142857148,1.4952380952380953,0.0,0.0,0.0,0.537,0.5066666666666667,0.0686111111111111,16.46666666666667
Terry Rozier,MIA,G,5.997063354037269,2.904,2.2062857142857144,6.057639751552796,2.933333333333333,2.2285714285714286,0.0,0.0,0.0,0.438,0.3958333333333333,0.0844047619047619,20.257142857142856
Vasilije Micić,CHOPHO,G,5.5177639751552805,1.9328571428571428,2.8474285714285714,5.5734989648033135,1.9523809523809523,2.876190476190476,0.0,0.0,0.0,0.5,0.4583333333333333,0.0765079365079365,18.361904761904764
Jock Landale,HOU,C,5.661078260869564,3.281142857142857,0.8674285714285712,5.718260869565216,3.314285714285714,0.876190476190476,0.0,0.0,0.0,0.63,0.6194029850746269,0.0551587301587301,13.238095238095235
Dalen Terry,CHI,G,5.495955279503107,2.187428571428572,1.7348571428571429,5.551469979296067,2.2095238095238097,1.7523809523809522,0.0,0.0,0.0,0.554,0.5266666666666666,0.0637301587301587,15.295238095238098
Cameron Payne,NYK,G,4.567527950310559,1.4614285714285715,3.083142857142857,4.613664596273292,1.476190476190476,3.1142857142857143,0.0,0.0,0.0,0.45,0.4438775510204081,0.0670238095238095,16.085714285714285
Haywood Highsmith,MIA,F,5.3291269565217405,3.950571428571429,1.923428571428572,5.382956521739131,3.990476190476191,1.9428571428571424,0.0,0.0,0.0,0.511,0.5060240963855421,0.1063095238095238,25.514285714285712
Malaki Branham,SAS,G,4.465535403726709,0.7825714285714287,0.6788571428571427,4.51064182194617,0.7904761904761906,0.6857142857142856,0.0,0.0,0.0,0.565,0.547945205479452,0.0301984126984126,7.247619047619047
Blake Wesley,SAS,G,4.00143652173913,1.5462857142857145,2.130857142857143,4.041855072463767,1.5619047619047617,2.1523809523809523,0.0,0.0,0.0,0.491,0.4743589743589743,0.0671825396825396,16.123809523809523
Keaton Wallace,ATL,G,4.9276173913043495,1.2445714285714289,2.319428571428572,4.977391304347828,1.2571428571428571,2.342857142857143,0.0,0.0,0.0,0.53,0.5063291139240507,0.0645238095238095,15.485714285714286
Thomas Bryant,IND,C,6.184093416149069,3.4131428571428577,0.4431428571428571,6.24655900621118,3.447619047619048,0.4476190476190476,0.0,0.0,0.0,0.582,0.5227272727272727,0.0592063492063492,14.209523809523809
Jeff Green,HOU,F,6.678642484472051,1.857428571428572,0.7825714285714288,6.746103519668738,1.876190476190476,0.7904761904761907,0.0,0.0,0.0,0.688,0.6779661016949152,0.0540079365079365,12.961904761904762
Jaime Jaquez Jr.,MIA,G-F,5.619740124223605,3.658285714285715,2.093142857142858,5.676505175983439,3.695238095238096,2.1142857142857148,0.0,0.0,0.0,0.533,0.5202702702702703,0.0673412698412698,16.16190476190476
Dalton Knecht,LAL,G,6.944642981366461,1.8762857142857143,0.7825714285714287,7.014790890269152,1.895238095238096,0.7904761904761906,0.0,0.0,0.0,0.577,0.5588235294117647,0.0591666666666666,14.200000000000005
Zach Collins,CHI,C-F,6.692154037267082,5.7702857142857145,1.848,6.7597515527950325,5.828571428571428,1.8666666666666667,0.0,0.0,0.0,0.57,0.5563380281690141,0.0725,17.4
Jalen Pickett,DEN,G,5.13288149068323,1.9422857142857144,2.828571428571429,5.1847287784679095,1.961904761904762,2.857142857142857,0.0,0.0,0.0,0.563,0.5555555555555556,0.0725396825396825,17.40952380952381
Mouhamed Gueye,ATL,F,5.339555776397517,4.714285714285714,0.9051428571428572,5.393490683229815,4.761904761904762,0.9142857142857144,0.0,0.0,0.0,0.512,0.4647887323943662,0.0701984126984127,16.847619047619048
KJ Martin,UTA,F,5.956627080745342,2.875714285714286,1.338857142857143,6.016795031055901,2.904761904761905,1.3523809523809522,0.0,0.0,0.0,0.528,0.5,0.0946031746031745,22.704761904761902
Terrence Shannon Jr.,MIN,G,5.032987826086956,1.7065714285714289,1.0277142857142858,5.083826086956521,1.723809523809524,1.0380952380952382,0.0,0.0,0.0,0.588,0.5546875,0.0490079365079365,11.761904761904765
Caleb Martin,DALPHI,F,4.926600745341616,3.149142857142857,2.017714285714286,4.976364389233955,3.1809523809523808,2.038095238095238,0.0,0.0,0.0,0.458,0.4240506329113924,0.0963888888888888,23.133333333333333
Cody Williams,UTA,G-F,3.808388571428572,2.234571428571429,1.0371428571428574,3.846857142857144,2.2571428571428576,1.0476190476190477,0.0,0.0,0.0,0.414,0.3924731182795699,0.0936904761904761,22.485714285714284
Julian Phillips,CHI,F,5.33247204968944,2.1780000000000004,0.66,5.386335403726707,2.2,0.6666666666666666,0.0,0.0,0.0,0.6,0.5491803278688525,0.0656349206349206,15.75238095238095
Precious Achiuwa,NYK,F,5.052008944099381,4.921714285714286,0.7637142857142858,5.103039337474122,4.971428571428572,0.7714285714285715,0.0,0.0,0.0,0.464,0.45625,0.0796031746031746,19.104761904761908
Neemias Queta,BOS,C,6.033810186335406,3.743142857142858,0.7825714285714287,6.0947577639751565,3.7809523809523817,0.7904761904761906,0.0,0.0,0.0,0.709,0.68,0.0508730158730158,12.209523809523809
Wendell Moore Jr.,CHO,G-F,4.197600000000001,2.8851428571428577,1.1785714285714288,4.240000000000001,2.9142857142857146,1.190476190476191,0.0,0.0,0.0,0.53,0.5211267605633803,0.0654761904761904,15.714285714285714
Jevon Carter,CHI,G,3.892507826086957,1.1031428571428572,1.3200000000000005,3.9318260869565225,1.1142857142857143,1.3333333333333337,0.0,0.0,0.0,0.471,0.4634146341463415,0.0413095238095238,9.914285714285716
Nicolas Batum,LAC,F-G,6.887268074534163,2.772,0.726,6.956836438923396,2.8,0.7333333333333333,0.0,0.0,0.0,0.797,0.7978723404255319,0.0705555555555555,16.933333333333334
Simone Fontecchio,DET,F,5.017902111801243,2.4797142857142864,0.678857142857143,5.068587991718427,2.5047619047619056,0.6857142857142858,0.0,0.0,0.0,0.584,0.5564516129032258,0.0595238095238095,14.285714285714286
Jay Huff,MEM,F-C,4.405290931677019,1.4425714285714288,0.3771428571428571,4.449788819875777,1.4571428571428573,0.3809523809523809,0.0,0.0,0.0,0.579,0.5634920634920635,0.0341269841269841,8.19047619047619
Steven Adams,HOU,C,5.201291925465839,6.92057142857143,1.235142857142857,5.253830227743272,6.990476190476191,1.2476190476190476,0.0,0.0,0.0,0.61,0.62,0.0705952380952381,16.942857142857143
Dean Wade,CLE,F,4.9299294409937895,3.0548571428571427,0.9617142857142856,4.979726708074534,3.0857142857142854,0.9714285714285712,0.0,0.0,0.0,0.593,0.5901639344262295,0.0837301587301587,20.09523809523809
Olivier-Maxence Prosper,DAL,F,3.8717649689441,2.875714285714286,1.1031428571428572,3.910873706004141,2.904761904761905,1.1142857142857143,0.0,0.0,0.0,0.443,0.3851351351351351,0.0632142857142857,15.171428571428573
Mo Bamba,LACNOP,C,4.958903850931678,4.865142857142858,0.5185714285714287,5.008993788819876,4.914285714285715,0.5238095238095238,0.0,0.0,0.0,0.634,0.6132075471698113,0.0549206349206349,13.180952380952382
Dominick Barlow,ATL,F,4.659518012422359,2.904,0.7354285714285714,4.706583850931676,2.933333333333333,0.7428571428571429,0.0,0.0,0.0,0.592,0.5636363636363636,0.0483333333333333,11.6
Reggie Jackson,PHI,G,3.839576645962734,1.386,1.3011428571428574,3.878360248447206,1.4,1.3142857142857145,0.0,0.0,0.0,0.474,0.4533333333333333,0.0532539682539682,12.78095238095238
Micah Potter,UTA,C,4.429887204968944,4.384285714285714,0.6882857142857144,4.474633540372671,4.428571428571429,0.6952380952380952,0.0,0.0,0.0,0.564,0.5254237288135594,0.0790873015873015,18.98095238095238
Ousmane Dieng,OKC,F,4.826985838509318,1.9894285714285715,0.8862857142857146,4.875743271221533,2.009523809523809,0.8952380952380954,0.0,0.0,0.0,0.683,0.6792452830188679,0.047063492063492,11.295238095238094
Daniel Theis,NOP,C,4.478571428571429,4.686000000000001,1.5934285714285714,4.523809523809524,4.733333333333334,1.6095238095238096,0.0,0.0,0.0,0.575,0.5357142857142857,0.073015873015873,17.523809523809526
Tristan Da Silva,ORL,F,3.832542111801244,2.055428571428572,1.046571428571429,3.8712546583850944,2.0761904761904764,1.0571428571428574,0.0,0.0,0.0,0.461,0.4246575342465753,0.0642857142857143,15.428571428571429
David Roddy,ATLHOUPHI,F,3.5301719254658392,2.4891428571428573,1.0182857142857142,3.565830227743272,2.5142857142857142,1.0285714285714285,0.0,0.0,0.0,0.461,0.4285714285714285,0.0508333333333333,12.2
Pat Connaughton,MIL,G,4.745031055900622,2.1780000000000004,1.480285714285714,4.79296066252588,2.2,1.495238095238095,0.0,0.0,0.0,0.625,0.5980392156862745,0.0537301587301587,12.895238095238096
Garrison Mathews,ATL,G,4.879802236024846,2.0460000000000003,0.9617142857142856,4.929093167701864,2.066666666666667,0.9714285714285714,0.0,0.0,0.0,0.501,0.4482758620689655,0.0625,15.0
Anthony Gill,WAS,F,3.3803806211180127,1.7820000000000005,0.4431428571428571,3.4145258799171843,1.8000000000000005,0.4476190476190476,0.0,0.0,0.0,0.584,0.532608695652174,0.0427380952380952,10.257142857142858
DeAndre Jordan,DEN,C,4.294902857142858,5.892857142857143,1.0937142857142856,4.338285714285714,5.9523809523809526,1.1047619047619046,0.0,0.0,0.0,0.598,0.6410256410256411,0.0557936507936507,13.390476190476187
Trevelin Queen,ORL,G,3.5246131677018635,1.7537142857142858,1.0559999999999998,3.560215320910973,1.7714285714285716,1.0666666666666664,0.0,0.0,0.0,0.436,0.3955223880597014,0.052579365079365,12.61904761904762
Goga Bitadze,ORL,C,4.427329192546583,4.412571428571428,1.3765714285714288,4.472049689440993,4.457142857142856,1.3904761904761904,0.0,0.0,0.0,0.6,0.5595238095238095,0.0603968253968254,14.495238095238095
Kris Murray,POR,F,2.682764720496895,2.998285714285715,1.0842857142857143,2.709863354037268,3.028571428571429,1.0952380952380951,0.0,0.0,0.0,0.408,0.3840579710144927,0.0706746031746031,16.961904761904762
Hunter Tyson,DEN,F,2.595234782608696,1.4142857142857146,0.3205714285714286,2.621449275362319,1.4285714285714286,0.3238095238095238,0.0,0.0,0.0,0.49,0.4741379310344827,0.0317063492063492,7.60952380952381
Monte Morris,PHO,G,4.067928447204969,1.4614285714285713,1.5462857142857145,4.109018633540373,1.4761904761904758,1.5619047619047617,0.0,0.0,0.0,0.519,0.509090909090909,0.0481746031746031,11.561904761904762
Jaden Springer,UTA,G,2.7981704347826084,1.6688571428571426,1.140857142857143,2.8264347826086955,1.6857142857142853,1.1523809523809525,0.0,0.0,0.0,0.478,0.4433962264150943,0.0492460317460317,11.819047619047618
Jaylen Clark,MIN,G,4.57608745341615,1.395428571428572,0.7542857142857143,4.622310559006212,1.4095238095238098,0.761904761904762,0.0,0.0,0.0,0.646,0.5857142857142857,0.0528174603174603,12.67619047619048
Jonathan Isaac,ORL,F,3.6707478260869575,3.196285714285715,0.6222857142857142,3.7078260869565214,3.228571428571429,0.6285714285714284,0.0,0.0,0.0,0.533,0.4761904761904761,0.0528968253968254,12.695238095238096
Luka Garza,MIN,F-C,4.151818136645964,1.150285714285714,0.3582857142857142,4.193755693581782,1.1619047619047616,0.3619047619047619,0.0,0.0,0.0,0.677,0.6515151515151515,0.0234523809523809,5.628571428571429
Jett Howard,ORL,G,2.981265093167703,1.1125714285714283,1.0465714285714287,3.011378881987578,1.1238095238095238,1.0571428571428572,0.0,0.0,0.0,0.417,0.4230769230769231,0.0515873015873015,12.38095238095238
Delon Wright,MILNYK,G,3.213519503105591,1.5934285714285714,1.9705714285714289,3.245979296066253,1.6095238095238096,1.9904761904761905,0.0,0.0,0.0,0.524,0.5102040816326531,0.0657936507936507,15.790476190476191
Rayan Rupert,POR,G,2.3600124223602488,0.9711428571428572,0.4714285714285715,2.383850931677019,0.980952380952381,0.4761904761904762,0.0,0.0,0.0,0.475,0.4339622641509434,0.0337698412698412,8.104761904761904
Cody Martin,CHOPHO,G-F,3.269631801242236,3.705428571428572,1.4614285714285715,3.302658385093168,3.742857142857143,1.4761904761904765,0.0,0.0,0.0,0.398,0.3467741935483871,0.0740079365079365,17.761904761904763
Maxi Kleber,DAL,F,2.728120248447205,2.724857142857142,1.6311428571428568,2.7556770186335404,2.752380952380952,1.647619047619047,0.0,0.0,0.0,0.474,0.4444444444444444,0.0819841269841269,19.67619047619048
Shake Milton,LAL,G,3.695475279503106,1.7537142857142858,1.2257142857142855,3.7328033126294,1.7714285714285714,1.238095238095238,0.0,0.0,0.0,0.572,0.5555555555555556,0.0428968253968253,10.295238095238094
Charles Bassey,SAS,C,4.570971428571428,4.488,0.528,4.6171428571428565,4.533333333333333,0.5333333333333333,0.0,0.0,0.0,0.606,0.5853658536585366,0.0467460317460317,11.21904761904762
Jarred Vanderbilt,LAL,F,3.3225137888198764,4.525714285714287,0.9145714285714288,3.356074534161491,4.571428571428572,0.923809523809524,0.0,0.0,0.0,0.493,0.4583333333333333,0.0646031746031746,15.504761904761908
Zeke Nnaji,DEN,F,3.993418136645963,2.2157142857142857,0.6977142857142857,4.033755693581781,2.238095238095238,0.7047619047619048,0.0,0.0,0.0,0.526,0.4761904761904761,0.0637698412698412,15.304761904761904
Marvin Bagley III,MEMWAS,F-C,3.317397763975155,2.3477142857142854,0.264,3.350906832298136,2.371428571428571,0.2666666666666666,0.0,0.0,0.0,0.531,0.4880952380952381,0.0336904761904761,8.085714285714285
Craig Porter Jr.,CLE,G,3.5095930434782616,1.4425714285714282,1.3577142857142854,3.54504347826087,1.4571428571428569,1.3714285714285712,0.0,0.0,0.0,0.546,0.5,0.0409920634920634,9.83809523809524
Paul Reed,DET,F,2.8652198757763974,2.809714285714286,0.8485714285714285,2.8941614906832296,2.8380952380952382,0.8571428571428571,0.0,0.0,0.0,0.495,0.4545454545454545,0.0363492063492063,8.723809523809523
