Player,Team,Position,PTS_final,REB_final,AST_final,PTS_adj,REB_adj,AST_adj,PTS_bonus,REB_bonus,AST_bonus,TS%,eFG%,USG_proxy,MPG,PTS_playoff_x,REB_playoff_x,AST_playoff_x,MPG_playoff_x,PTS_playoff_y,REB_playoff_y,AST_playoff_y,MPG_playoff_y,PTS_playoff,REB_playoff,AST_playoff,MPG_playoff
Shai Gilgeous-Alexander,OKC,G,34.146350310559,4.506857142857142,6.967714285714286,32.40201157453416,4.721783214285713,6.707126428571427,0.0,0.0,0.0,0.605,0.5402298850574713,0.1414682539682539,14.514642857142855,15.0,3.0,5.0,,27.0,8.0,5.0,,34.5,4.5,7.0,
Nikola Jokic,DEN,C-F,34.10855403726709,12.634285714285715,10.032,23.786840468944103,8.810978571428572,6.996180000000003,0.0,0.0,0.0,0.647,0.6140625,0.1602380952380952,16.44042857142857,,,,,,,,,,,,
Luka Doncic,LAL,G-F,30.699756521739133,7.712571428571428,7.316571428571429,21.409591565217386,5.378642142857141,5.102477142857141,0.0,0.0,0.0,0.622,0.5585284280936454,0.1459126984126984,14.970642857142856,,,,,,,,,,,,
Giannis Antetokounmpo,MIL,F-G,32.138080993788826,11.399142857142856,7.712571428571429,33.53780943850932,12.174656785714284,6.948229642857141,0.0,0.0,0.0,0.638,0.5970149253731343,0.1423015873015873,14.60014285714286,36.0,12.0,1.0,,34.0,18.0,7.0,,37.0,12.0,6.0,
Ja Morant,MEM,G,26.746184347826084,3.96,6.854571428571429,24.12541174347826,3.3054125,6.3386346428571425,0.0,0.0,0.0,0.584,0.5303951367781155,0.1358730158730158,13.940571428571426,17.0,3.0,4.0,,23.0,2.0,6.0,,15.0,1.0,5.0,
Paolo Banchero,ORL,F,27.750007453416146,7.854000000000001,4.638857142857144,29.10762678881987,7.962734999999999,4.2784257142857145,0.0,0.0,0.0,0.57,0.5195783132530121,0.1462698412698412,15.007285714285715,36.0,11.0,4.0,,32.0,9.0,7.0,,29.0,6.0,1.0,
Cade Cunningham,DET,G,29.25047850931677,5.468571428571429,8.382000000000001,28.370222342236026,6.331232142857143,8.6455425,0.0,0.0,0.0,0.597,0.5517241379310345,0.1424603174603174,14.616428571428573,21.0,6.0,12.0,,33.0,12.0,3.0,,24.0,7.0,11.0,
Anthony Edwards,MIN,G-F,29.92384248447205,5.119714285714285,4.403142857142857,28.984404696273295,5.877118928571428,4.941979285714286,0.0,0.0,0.0,0.613,0.5618729096989966,0.1488888888888889,15.276,22.0,8.0,9.0,,25.0,6.0,0.0,,29.0,8.0,8.0,
Quentin Grimes,PHI,G,24.45228670807454,4.714285714285714,4.695428571428573,17.052691309937895,3.2876785714285726,3.274527857142857,0.0,0.0,0.0,0.603,0.5603448275862069,0.1376587301587301,14.123785714285711,,,,,,,,,,,,
Coby White,CHI,G,28.76468571428572,4.261714285714287,4.280571428571429,20.060099571428573,2.9720614285714286,2.9852121428571428,0.0,0.0,0.0,0.667,0.6007905138339921,0.143531746031746,14.726357142857145,,,,,,,,,,,,
Jayson Tatum,BOS,F,25.51669863354037,7.976571428571429,6.590571428571431,24.462985172049695,7.956977142857141,5.494524642857144,0.0,0.0,0.0,0.563,0.512779552715655,0.1521825396825397,15.613928571428573,17.0,14.0,4.0,,,,,,36.0,9.0,4.0,
Kevin Durant,PHO,F-G,29.112083478260875,5.855142857142858,4.252285714285716,20.302370034782612,4.0832967857142854,2.965486071428572,0.0,0.0,0.0,0.652,0.6030534351145038,0.1524206349206349,15.638357142857142,,,,,,,,,,,,
Zion Williamson,NOP,F-C,27.77076670807454,6.845142857142858,5.402571428571428,19.366954009937892,4.773709285714285,3.7676796428571415,0.0,0.0,0.0,0.642,0.6195219123505976,0.1192460317460317,12.23464285714286,,,,,,,,,,,,
Jalen Brunson,NYK,G,27.30983254658385,2.772,6.666000000000001,29.22647981118012,3.3873300000000004,7.1904775,0.0,0.0,0.0,0.603,0.5467625899280576,0.1489285714285714,15.280071428571429,34.0,2.0,8.0,,37.0,3.0,7.0,,30.0,7.0,9.0,
Tyrese Maxey,PHI,G,25.913551304347823,2.951142857142857,6.392571428571429,18.07175731304347,2.0580867857142864,4.458092142857142,0.0,0.0,0.0,0.573,0.5182724252491694,0.1572619047619047,16.13507142857143,,,,,,,,,,,,
Kawhi Leonard,LAC,F,25.774992298136656,6.666,3.2717142857142867,26.3060531515528,6.851302499999999,3.455823928571429,0.0,0.0,0.0,0.628,0.5971223021582733,0.1417063492063492,14.539071428571429,22.0,6.0,2.0,,39.0,3.0,5.0,,22.5,10.0,4.0,
Trae Young,ATL,G,26.804215155279508,2.9040000000000004,11.634857142857143,18.69289413726709,2.02521,8.113990714285713,0.0,0.0,0.0,0.607,0.539622641509434,0.1496428571428571,15.353357142857144,,,,,,,,,,,,
Karl-Anthony Towns,NYK,C-F,26.267737639751555,11.031428571428574,2.828571428571429,25.53427453354037,10.223630357142858,2.4955446428571433,0.0,0.0,0.0,0.626,0.5852272727272727,0.1463492063492063,15.015428571428574,23.0,11.0,5.0,,10.0,6.0,0.0,,31.0,8.0,1.0,
Kyrie Irving,DAL,G,24.57571080745341,5.02542857142857,4.044857142857143,17.138765593788815,3.504665357142856,2.8208282142857146,0.0,0.0,0.0,0.569,0.5134680134680135,0.1520634920634921,15.601714285714285,,,,,,,,,,,,
Devin Booker,PHO,G,24.544129192546585,4.101428571428571,7.79742857142857,17.11674100621117,2.860280357142856,5.437820357142856,0.0,0.0,0.0,0.57,0.515358361774744,0.1551984126984127,15.923357142857142,,,,,,,,,,,,
Deni Avdija,POR,G-F,24.53581565217392,9.155142857142856,4.846285714285714,17.110943256521736,6.3846717857142865,3.379733571428571,0.0,0.0,0.0,0.637,0.5897959183673469,0.14,14.364,,,,,,,,,,,,
Stephen Curry,GSW,G,27.33192000000001,4.261714285714286,5.46857142857143,28.473120800000004,4.894586428571428,6.152469642857144,0.0,0.0,0.0,0.609,0.5526315789473685,0.1346428571428571,13.814357142857144,31.0,6.0,3.0,,20.0,5.0,9.0,,36.0,7.0,9.0,
Austin Reaves,LAL,G,27.13785540372672,4.723714285714285,5.0914285714285725,24.478970296894417,4.993016428571429,4.799455357142857,0.0,0.0,0.0,0.678,0.6314655172413793,0.149563492063492,15.345214285714285,16.0,3.0,3.0,,16.0,5.0,5.0,,20.0,7.0,4.0,
Tyler Herro,MIA,G,26.631368944099385,4.422000000000001,5.091428571428571,24.893691046583857,4.417605,4.5748678571428565,0.0,0.0,0.0,0.645,0.5943775100401606,0.1449603174603174,14.872928571428572,21.0,3.0,2.0,,33.0,6.0,5.0,,13.0,4.0,3.0,
James Harden,LAC,G,26.8130698136646,5.638285714285713,8.712,25.240869255279506,5.38458857142857,8.991092499999999,0.0,0.0,0.0,0.641,0.5668103448275862,0.1516269841269841,15.556928571428571,32.0,6.0,11.0,,18.0,3.0,7.0,,17.5,5.0,10.0,
Jalen Williams,OKC,G,24.776301614906835,4.808571428571428,5.016,24.48540488757764,4.986369642857142,5.120615,0.0,0.0,0.0,0.619,0.572,0.133015873015873,13.647428571428572,20.0,5.0,6.0,,24.0,6.0,5.0,,24.5,5.0,5.0,
Damian Lillard,MIL,G,26.21451130434783,4.742571428571429,6.288857142857144,20.52164271304348,4.012404642857143,5.730763214285714,0.0,0.0,0.0,0.624,0.5464135021097046,0.1487698412698412,15.263785714285712,,,,,14.0,3.0,7.0,,7.0,3.0,5.0,
DeMar DeRozan,SAC,G-F,21.20047900621118,3.959999999999999,5.657142857142857,14.78492496149068,2.761649999999999,3.9452142857142865,0.0,0.0,0.0,0.526,0.46875,0.1523412698412698,15.630214285714287,,,,,,,,,,,,
OG Anunoby,NYK,F,23.64187229813665,4.836857142857142,2.4891428571428573,22.3530318515528,4.620270714285713,1.9058942857142858,0.0,0.0,0.0,0.622,0.58,0.1503968253968254,15.430714285714284,23.0,7.0,0.0,,10.0,5.0,2.0,,22.0,2.0,0.0,
LeBron James,LAL,F-G,24.62406708074534,7.505142857142857,6.986571428571429,26.07465109937888,8.041921785714285,6.2911021428571425,0.0,0.0,0.0,0.585,0.5363984674329502,0.1469444444444444,15.0765,19.0,5.0,3.0,,21.0,11.0,7.0,,38.0,10.0,4.0,
Donovan Mitchell,CLE,G,21.72834782608696,4.959428571428572,5.657142857142858,21.890678478260874,4.641575357142857,4.903564285714286,0.0,0.0,0.0,0.525,0.4490909090909091,0.1334920634920635,13.696285714285715,30.0,5.0,4.0,,30.0,6.0,6.0,,13.0,2.0,1.0,
Jamal Murray,DEN,G,23.571100621118013,3.828,6.043714285714287,22.65950164906832,4.1208825,6.071916428571429,0.0,0.0,0.0,0.594,0.5424710424710425,0.1545238095238095,15.854142857142856,21.0,9.0,7.0,,23.0,3.0,6.0,,18.0,3.5,5.5,
Franz Wagner,ORL,G-F,21.37432546583852,5.996571428571428,4.450285714285714,23.546675611801245,5.795689642857143,5.016506071428572,0.0,0.0,0.0,0.542,0.4893617021276595,0.143015873015873,14.673428571428571,23.0,3.0,5.0,,25.0,4.0,4.0,,32.0,7.0,8.0,
Zach LaVine,SAC,G-F,24.510481490683222,3.526285714285715,3.828,17.093275557763977,2.459183571428572,2.669594999999999,0.0,0.0,0.0,0.627,0.5991902834008097,0.1553968253968254,15.943714285714284,,,,,,,,,,,,
Shaedon Sharpe,POR,G,20.03038509316772,5.864571428571429,3.290571428571429,13.968917422360253,4.089872142857143,2.294799642857143,0.0,0.0,0.0,0.55,0.5183150183150184,0.138968253968254,14.258142857142856,,,,,,,,,,,,
Anthony Davis,DAL,F-C,21.84060521739131,11.267142857142856,3.658285714285714,15.231340252173919,7.857551785714283,2.5512385714285704,0.0,0.0,0.0,0.558,0.5153846153846153,0.1298412698412698,13.321714285714284,,,,,,,,,,,,
Jalen Green,HOU,G,19.71686459627329,5.148,4.280571428571428,18.852385003105592,5.426845,4.394387142857143,0.0,0.0,0.0,0.538,0.5036764705882353,0.1357142857142857,13.924285714285713,7.0,8.0,2.0,,38.0,4.0,6.0,,9.0,6.0,5.0,
Anfernee Simons,POR,G,20.00346037267081,2.583428571428572,4.422000000000001,13.950140489440994,1.801647857142857,3.0838425,0.0,0.0,0.0,0.554,0.521978021978022,0.1406746031746031,14.433214285714286,,,,,,,,,,,,
Victor Wembanyama,SAS,C-F,22.85895652173913,11.361428571428572,3.6111428571428568,15.941524565217389,7.923305357142857,2.518361785714285,0.0,0.0,0.0,0.569,0.5424710424710425,0.1399206349206349,14.355857142857143,,,,,,,,,,,,
Desmond Bane,MEM,G,22.04003180124224,6.119142857142858,4.912285714285715,20.131705132298134,6.411581785714286,4.440761071428573,0.0,0.0,0.0,0.606,0.5752032520325203,0.1411507936507936,14.482071428571427,9.0,2.0,0.0,,19.0,12.0,4.0,,16.5,6.5,4.5,
John Collins,UTA,F,21.21343304347825,8.221714285714285,1.4802857142857144,14.79395893043478,5.733711428571428,1.0323310714285714,0.0,0.0,0.0,0.614,0.5762331838565022,0.1332936507936507,13.675928571428573,,,,,,,,,,,,
Josh Giddey,CHI,G,19.75592347826087,9.56057142857143,8.532857142857145,13.777511634782606,6.667412142857143,5.950698214285714,0.0,0.0,0.0,0.588,0.5319634703196348,0.1397619047619047,14.339571428571428,,,,,,,,,,,,
Kristaps Porzingis,BOS,F-C,21.81418881987578,6.628285714285715,2.1685714285714286,15.212917816770185,4.622476071428571,1.5123321428571423,0.0,0.0,0.0,0.629,0.5917874396135265,0.1221825396825396,12.535928571428572,,,,,,,,,,,,
Jaren Jackson Jr.,MEM,F,20.03300869565217,4.714285714285714,1.621714285714286,19.02909708695652,4.846441071428571,1.580136428571429,0.0,0.0,0.0,0.563,0.5227272727272727,0.1291269841269841,13.248428571428565,4.0,3.0,2.0,,26.0,6.0,0.0,,17.0,5.5,2.0,
Jaylen Brown,BOS,F-G,19.909617391304348,5.393142857142857,4.092,20.98809567391305,5.884041785714285,3.577879999999998,0.0,0.0,0.0,0.565,0.5171673819742489,0.1344047619047619,13.789928571428568,16.0,5.0,2.0,,36.0,10.0,5.0,,19.0,6.0,1.0,
Andrew Wiggins,MIA,F-G,19.577895652173915,4.384285714285714,2.960571428571429,17.04758245652173,3.7400660714285707,2.918837142857143,0.0,0.0,0.0,0.581,0.5484581497797357,0.1337698412698413,13.724785714285716,14.0,6.0,2.0,,10.0,1.0,3.0,,10.0,1.0,3.0,
Bam Adebayo,MIA,C-F,20.071870807453426,8.466857142857144,3.903428571428573,20.022948993788827,9.115958214285714,3.8609603571428575,0.0,0.0,0.0,0.572,0.532051282051282,0.1425396825396825,14.62457142857143,24.0,9.0,3.0,,11.0,14.0,9.0,,22.0,9.0,1.0,
Tyrese Haliburton,IND,G,21.84634434782609,3.5451428571428574,10.164000000000003,19.86621764347826,4.469446785714286,10.503285000000002,0.0,0.0,0.0,0.643,0.6073170731707317,0.1342063492063492,13.769571428571432,10.0,7.0,12.0,,21.0,5.0,12.0,,14.0,7.0,10.0,
Darius Garland,CLE,G,18.39112546583852,3.582857142857143,6.798,16.624582611801255,2.8923982142857145,5.878769999999999,0.0,0.0,0.0,0.558,0.5246913580246914,0.1316269841269841,13.504928571428573,27.0,3.0,5.0,,21.0,2.0,9.0,,,,,
Mikal Bridges,NYK,F-G,18.994718012422364,3.2340000000000004,4.8180000000000005,18.458357322981364,3.8795225,3.9591825,0.0,0.0,0.0,0.61,0.579185520361991,0.1499206349206349,15.381857142857143,8.0,2.0,2.0,,19.0,5.0,0.0,,20.0,7.0,3.0,
De'Aaron Fox,SAS,G,18.36247900621118,4.450285714285716,6.345428571428571,12.805742461490679,3.1035685714285717,4.425215357142856,0.0,0.0,0.0,0.533,0.4813278008298755,0.143531746031746,14.726357142857145,,,,,,,,,,,,
LaMelo Ball,CHO,G,18.26027329192547,4.572857142857142,7.410857142857144,12.73446559006211,3.1890482142857137,5.1682307142857145,0.0,0.0,0.0,0.512,0.462890625,0.1254761904761904,12.873857142857146,,,,,,,,,,,,
Collin Sexton,UTA,G,19.00327751552795,2.5457142857142863,4.459714285714287,13.252626603726707,1.7753464285714289,3.1101439285714285,0.0,0.0,0.0,0.576,0.5386363636363637,0.1136111111111111,11.6565,,,,,,,,,,,,
Dejounte Murray,NOP,G,16.885046459627333,6.222857142857144,7.165714285714286,11.775401150310563,4.339735714285715,4.9972714285714295,0.0,0.0,0.0,0.538,0.485042735042735,0.133531746031746,13.700357142857143,,,,,,,,,,,,
Julius Randle,MIN,F-C,20.59067180124224,6.562285714285715,4.733142857142858,21.14805373229814,6.039386071428572,4.783766785714285,0.0,0.0,0.0,0.653,0.6256544502617801,0.1306746031746032,13.407214285714286,16.0,5.0,5.0,,27.0,4.0,6.0,,22.0,5.0,4.0,
Ivica Zubac,LAC,C,22.06002037267081,12.436285714285711,3.092571428571428,21.160694889440997,12.237533571428568,3.1708921428571415,0.0,0.0,0.0,0.673,0.6505376344086021,0.1389285714285714,14.254071428571425,21.0,13.0,2.0,,16.0,12.0,4.0,,19.0,10.5,3.5,
RJ Barrett,TOR,G-F,16.73609142857143,5.742000000000001,4.742571428571427,11.671521942857144,4.004392500000001,3.3074046428571413,0.0,0.0,0.0,0.516,0.4957983193277311,0.1246825396825397,12.792428571428571,,,,,,,,,,,,
Stephon Castle,SAS,G,16.78321788819876,5.242285714285714,5.534571428571429,11.704387293167702,3.6558985714285708,3.859734642857142,0.0,0.0,0.0,0.537,0.4863636363636364,0.1213492063492063,12.45042857142857,,,,,,,,,,,,
Alperen Sengun,HOU,C-F,17.718663354037275,10.446857142857146,4.686,17.991029204968946,10.966783214285714,4.537539999999999,0.0,0.0,0.0,0.543,0.4953917050691244,0.1349603174603174,13.846928571428572,26.0,9.0,1.0,,17.0,16.0,7.0,,15.0,11.0,4.0,
Miles Bridges,CHO,G-F,18.233512546583857,6.797999999999998,4.016571428571428,12.715803011180133,4.740832499999999,2.8011021428571423,0.0,0.0,0.0,0.528,0.4831223628691983,0.1276587301587301,13.097785714285719,,,,,,,,,,,,
Aaron Gordon,DEN,F,19.686201242236024,4.365428571428571,3.375428571428571,18.95857579813664,5.126090357142857,2.8885653571428564,0.0,0.0,0.0,0.688,0.6441176470588236,0.1268253968253968,13.012285714285715,25.0,8.0,1.0,,14.0,6.0,1.0,,14.5,6.5,2.5,
Pascal Siakam,IND,F-C,18.51899329192547,6.119142857142859,3.375428571428572,21.019580890062116,6.474519285714287,3.0581528571428573,0.0,0.0,0.0,0.563,0.547085201793722,0.133531746031746,13.700357142857143,25.0,7.0,2.0,,24.0,11.0,3.0,,28.0,5.0,2.0,
Evan Mobley,CLE,F-C,19.476313043478264,9.23057142857143,3.6017142857142863,18.803802630434788,8.369387142857141,3.121373928571429,0.0,0.0,0.0,0.606,0.59,0.1307936507936508,13.419428571428575,9.0,7.0,1.0,,20.0,6.0,1.0,,19.0,6.0,3.0,
Immanuel Quickley,TOR,G,17.152686708074537,3.846857142857143,5.949428571428572,11.962049809937888,2.682745714285714,4.1490503571428565,0.0,0.0,0.0,0.563,0.5116279069767442,0.1169444444444444,11.9985,,,,,,,,,,,,
Jimmy Butler,GSW,F-G,19.56061267080745,5.572285714285714,5.826857142857143,13.641304540993787,3.8860360714285704,4.063570714285714,0.0,0.0,0.0,0.641,0.525,0.1348412698412698,13.834714285714284,,,,,,,,,,,,
Jordan Poole,WAS,G,20.55412173913043,2.5268571428571427,3.648857142857143,14.334164217391299,1.762195714285714,2.544663214285714,0.0,0.0,0.0,0.635,0.5963541666666666,0.1071428571428571,10.992857142857142,,,,,,,,,,,,
Cameron Johnson,BRK,F,18.478360248447206,4.506857142857143,4.120285714285714,12.886556459627332,3.1430207142857136,2.8734310714285716,0.0,0.0,0.0,0.59,0.5303030303030303,0.1271825396825397,13.048928571428572,,,,,,,,,,,,
Trey Murphy III,NOP,F,18.47462161490684,5.157428571428572,4.01657142857143,12.883949187577638,3.596720357142858,2.801102142857143,0.0,0.0,0.0,0.536,0.4889380530973451,0.145515873015873,14.92992857142857,,,,,,,,,,,,
Devin Vassell,SAS,G-F,17.56055850931677,4.440857142857143,2.658857142857143,12.246494042236025,3.0969932142857144,1.8542507142857136,0.0,0.0,0.0,0.603,0.5845410628019324,0.133015873015873,13.647428571428572,,,,,,,,,,,,
Keyonte George,UTA,G,16.591268571428575,3.9882857142857135,5.016,11.570524457142858,2.7813760714285705,3.4980899999999995,0.0,0.0,0.0,0.552,0.4776119402985074,0.128015873015873,13.134428571428572,,,,,,,,,,,,
Jalen Johnson,ATL,F,17.340962981366463,9.994285714285716,4.733142857142858,12.093351115527952,6.9698785714285725,3.3008292857142862,0.0,0.0,0.0,0.544,0.5070422535211268,0.1467460317460317,15.056142857142857,,,,,,,,,,,,
Nikola Vucevic,CHI,C,17.402798012422362,9.438000000000002,3.9882857142857153,12.136474022981362,6.581932500000002,2.7813760714285722,0.0,0.0,0.0,0.611,0.5975,0.1236904761904762,12.69064285714286,,,,,,,,,,,,
CJ McCollum,NOP,G,16.39931925465839,3.894,4.506857142857143,11.436661621118015,2.7156225000000003,3.1430207142857136,0.0,0.0,0.0,0.51,0.49375,0.131031746031746,13.443857142857144,,,,,,,,,,,,
Jalen Suggs,ORL,G,14.633405217391305,3.771428571428572,3.498,10.205137252173913,2.6301428571428573,2.4394574999999996,0.0,0.0,0.0,0.512,0.4695652173913043,0.118531746031746,12.161357142857144,,,,,,,,,,,,
Kelly Oubre Jr.,PHI,F,16.92495801242236,6.053142857142858,1.8197142857142856,11.803234922981364,4.221379285714286,1.2690439285714283,0.0,0.0,0.0,0.569,0.5369458128078818,0.1525396825396825,15.650571428571428,,,,,,,,,,,,
Michael Porter Jr.,DEN,F,18.21186782608696,7.599428571428572,2.206285714285714,15.999470778260868,7.623087857142855,1.848633571428571,0.0,0.0,0.0,0.601,0.5654450261780105,0.1437301587301587,14.746714285714285,3.0,4.0,0.0,,15.0,15.0,1.0,,12.0,5.0,1.5,
Lauri Markkanen,UTA,F-C,16.32877714285714,5.525142857142856,0.9145714285714286,11.387466514285713,3.8531592857142845,0.6378096428571426,0.0,0.0,0.0,0.528,0.5022222222222222,0.1287301587301587,13.207714285714282,,,,,,,,,,,,
Zaccharie Risacher,ATL,F,16.81125763975156,3.592285714285715,1.2728571428571431,11.723941833540376,2.5052110714285716,0.8876732142857143,0.0,0.0,0.0,0.624,0.6096256684491979,0.1098809523809523,11.273785714285713,,,,,,,,,,,,
Naji Marshall,DAL,F,16.707920496894413,5.826857142857143,3.6677142857142857,11.65187591925466,4.063570714285714,2.557813928571428,0.0,0.0,0.0,0.59,0.5654450261780105,0.1369444444444444,14.0505,,,,,,,,,,,,
Jaden Ivey,DET,G,17.886852670807457,3.9222857142857146,3.799714285714286,12.474047140993788,2.7353485714285712,2.6498689285714283,0.0,0.0,0.0,0.603,0.5775401069518716,0.1207142857142857,12.385285714285715,,,,,,,,,,,,
Dillon Brooks,HOU,F-G,16.575215403726713,3.3282857142857143,2.055428571428572,15.68979169689441,3.6998635714285713,1.8176028571428569,0.0,0.0,0.0,0.613,0.5979381443298969,0.1309523809523809,13.435714285714283,11.0,3.0,2.0,,16.0,3.0,1.0,,13.0,6.0,1.0,
Jordan Clarkson,UTA,G,15.546123726708077,2.9794285714285715,3.696,10.841654694409936,2.077812857142856,2.5775399999999995,0.0,0.0,0.0,0.543,0.5048780487804878,0.1109920634920634,11.387785714285716,,,,,,,,,,,,
Scottie Barnes,TOR,G-F,14.261706335403728,7.043142857142858,4.789714285714284,9.945919520496894,4.911791785714286,3.3402814285714273,0.0,0.0,0.0,0.484,0.4417040358744394,0.1221825396825396,12.535928571428572,,,,,,,,,,,,
Norman Powell,LAC,G,18.16346236024845,2.5739999999999994,1.810285714285714,17.817000966459627,2.393834999999999,2.1158185714285707,0.0,0.0,0.0,0.564,0.5309278350515464,0.1291269841269841,13.248428571428565,12.0,3.0,4.0,,13.0,0.0,3.0,,21.0,2.5,2.0,
Onyeka Okongwu,ATL,F,17.694886956521742,10.541142857142855,2.564571428571429,12.34017286956522,7.351249285714285,1.7884971428571428,0.0,0.0,0.0,0.656,0.6128048780487805,0.1353968253968253,13.891714285714285,,,,,,,,,,,,
Myles Turner,IND,C-F,17.39645217391305,6.5434285714285725,1.4614285714285715,15.724211021739132,5.556235357142857,1.5533553571428573,0.0,0.0,0.0,0.63,0.5933734939759037,0.1225396825396825,12.572571428571427,19.0,5.0,2.0,,15.0,2.0,1.0,,6.0,3.0,2.0,
Christian Braun,DEN,G,20.02387527950311,5.581714285714288,3.450857142857143,17.159840067080747,5.601373928571429,3.101168214285714,0.0,0.0,0.0,0.699,0.678343949044586,0.1504761904761905,15.438857142857145,11.0,3.0,1.0,,5.0,6.0,2.0,,13.0,6.5,3.0,
Brandin Podziemski,GSW,G,16.337500621118014,5.449714285714285,3.403714285714287,13.937775149068324,4.997256428571428,3.0466414285714287,0.0,0.0,0.0,0.62,0.606951871657754,0.1210714285714285,12.421928571428571,14.0,8.0,5.0,,0.0,0.0,0.0,,10.0,4.0,2.0,
Bradley Beal,PHO,G,16.56180223602485,2.951142857142857,4.0920000000000005,11.549975036645963,2.0580867857142864,2.8537049999999997,0.0,0.0,0.0,0.591,0.5687830687830688,0.1301190476190476,13.350214285714285,,,,,,,,,,,,
Derrick White,BOS,G,16.586168944099377,5.006571428571428,6.043714285714285,17.649593046583846,4.749864642857143,5.538978928571428,0.0,0.0,0.0,0.583,0.5602094240837696,0.1428174603174603,14.653071428571428,30.0,4.0,2.0,,17.0,6.0,5.0,,16.0,3.0,5.0,
Domantas Sabonis,SAC,C-F,16.85720347826087,12.66257142857143,5.42142857142857,11.755983834782608,8.83070464285714,3.780830357142856,0.0,0.0,0.0,0.597,0.5549132947976878,0.1347619047619047,13.826571428571425,,,,,,,,,,,,
Spencer Dinwiddie,DAL,G,14.27282385093168,3.4320000000000004,6.119142857142859,9.953672724223603,2.3934300000000004,4.267406785714287,0.0,0.0,0.0,0.597,0.5529411764705883,0.1313492063492063,13.476428571428572,,,,,,,,,,,,
Bennedict Mathurin,IND,G-F,15.041113043478267,4.469142857142858,1.7254285714285718,13.999104630434786,4.024656785714285,1.3628778571428575,0.0,0.0,0.0,0.56,0.4575757575757576,0.1087301587301587,11.155714285714284,13.0,5.0,1.0,,14.0,1.0,1.0,,9.0,3.0,0.0,
Alex Sarr,WAS,F,12.286330434782617,5.968285714285715,2.508,8.56831930434783,4.162201071428572,1.749045,0.0,0.0,0.0,0.48,0.4484304932735426,0.115079365079365,11.80714285714286,,,,,,,,,,,,
Ty Jerome,CLE,G,16.75734260869565,2.536285714285715,3.498,16.234792226086952,2.8467085714285725,4.313219999999999,0.0,0.0,0.0,0.632,0.5895061728395061,0.0937301587301587,9.616714285714284,28.0,5.0,3.0,,6.0,3.0,0.0,,13.0,3.0,11.0,
Aaron Nesmith,IND,G-F,17.402912795031057,4.29,1.0654285714285716,16.718666570807457,4.6593124999999995,1.3630153571428572,0.0,0.0,0.0,0.701,0.6677852348993288,0.1138095238095238,11.676857142857147,7.0,6.0,0.0,,16.0,2.0,2.0,,18.0,7.0,3.0,
P.J. Washington,DAL,F,16.28361838509317,7.156285714285714,2.328857142857143,11.355973412422358,4.99069607142857,1.6241132142857138,0.0,0.0,0.0,0.589,0.5625,0.1307539682539682,13.415357142857141,,,,,,,,,,,,
Malik Monk,SAC,G,15.040375155279506,3.677142857142857,5.044285714285714,10.488952537267082,2.564389285714285,3.517816071428572,0.0,0.0,0.0,0.545,0.5128865979381443,0.1255952380952381,12.886071428571427,,,,,,,,,,,,
Brandon Williams,DAL,G,13.654375155279508,2.1591428571428573,3.026571428571428,9.522375037267077,1.5057567857142855,2.1106896428571424,0.0,0.0,0.0,0.677,0.6267123287671232,0.0803968253968254,8.248714285714286,,,,,,,,,,,,
Kyle Kuzma,MIL,F,14.092861118012422,4.978285714285714,2.3288571428571427,12.198169168322979,4.17678857142857,2.0091132142857138,0.0,0.0,0.0,0.557,0.5380434782608695,0.1336111111111111,13.708499999999997,0.0,0.0,0.0,,12.0,3.0,1.0,,9.0,3.0,2.0,
Rudy Gobert,MIN,C,18.46402881987578,11.691428571428572,1.7537142857142858,13.685736916770187,9.560967857142858,1.4476039285714284,0.0,0.0,0.0,0.726,0.7222222222222222,0.1377777777777778,14.136,2.0,6.0,1.0,,6.0,6.0,0.0,,1.0,3.0,1.0,
Paul George,PHI,F-G,15.187559254658389,4.865142857142857,3.809142857142858,10.591596721118014,3.3928842857142847,2.6564442857142856,0.0,0.0,0.0,0.561,0.5368421052631579,0.1384126984126984,14.20114285714286,,,,,,,,,,,,
Malik Beasley,DET,G,14.622976397515528,2.121428571428572,1.5934285714285714,14.254614335403726,2.1628053571428576,1.4954103571428567,0.0,0.0,0.0,0.534,0.5101522842639594,0.1218650793650793,12.503357142857144,20.0,4.0,2.0,,9.0,1.0,1.0,,12.0,2.0,1.0,
Amen Thompson,HOU,G,15.945239254658384,8.542285714285715,5.242285714285713,14.301692421118013,7.763561071428569,4.95842357142857,0.0,0.0,0.0,0.601,0.603448275862069,0.145,14.877,8.0,9.0,6.0,,11.0,1.0,3.0,,11.0,7.0,4.0,
Deandre Ayton,POR,C,14.602020372670813,9.947142857142858,1.866857142857143,10.183249889440996,6.937001785714284,1.3019207142857143,0.0,0.0,0.0,0.579,0.5617977528089888,0.1256349206349206,12.89014285714286,,,,,,,,,,,,
Brook Lopez,MIL,C,16.264810434782618,5.336571428571429,1.9328571428571428,12.69414450434783,4.405002142857143,1.7329482142857142,0.0,0.0,0.0,0.653,0.6369426751592356,0.1331349206349206,13.65964285714286,9.0,4.0,0.0,,8.0,1.0,1.0,,0.0,2.0,2.0,
Chet Holmgren,OKC,F-C,14.613203478260877,7.533428571428571,1.9705714285714284,15.933211334782609,7.684585357142857,1.5984246428571427,0.0,0.0,0.0,0.584,0.5401234567901234,0.1160714285714285,11.908928571428572,19.0,10.0,2.0,,20.0,11.0,0.0,,17.5,5.0,0.5,
Matas Buzelis,CHI,F,15.037046459627334,4.752000000000001,1.8102857142857145,10.486631150310563,3.31398,1.2624685714285715,0.0,0.0,0.0,0.632,0.60828025477707,0.1144047619047619,11.737928571428574,,,,,,,,,,,,
Mark Williams,CHO,C,18.472047204968952,10.739142857142856,2.7060000000000004,12.882153829192552,7.4893317857142865,1.8871275000000003,0.0,0.0,0.0,0.689,0.6524822695035462,0.1203174603174603,12.344571428571433,,,,,,,,,,,,
Kevin Huerter,CHI,G,12.74637913043478,3.205714285714286,3.224571428571429,8.889150991304344,2.235621428571428,2.248772142857143,0.0,0.0,0.0,0.588,0.5828729281767956,0.1247619047619047,12.800571428571425,,,,,,,,,,,,
Dyson Daniels,ATL,G,14.415679006211182,6.864000000000002,5.2045714285714295,10.053297961490683,4.786860000000001,3.6295971428571425,0.0,0.0,0.0,0.578,0.5738636363636364,0.1400396825396825,14.368071428571426,,,,,,,,,,,,
De'Andre Hunter,CLE,F,14.87105440993789,4.195714285714287,1.3577142857142857,14.540870558385093,4.004796428571428,1.4714389285714284,0.0,0.0,0.0,0.601,0.573170731707317,0.1067460317460317,10.95214285714286,0.0,3.0,1.0,,12.0,3.0,0.0,,21.0,4.0,3.0,
Russell Westbrook,DEN,G,11.357575155279502,4.884,5.864571428571429,10.67943053726708,4.492735000000001,4.5486346428571425,0.0,0.0,0.0,0.481,0.4447236180904522,0.120079365079365,12.32014285714286,15.0,8.0,3.0,,14.0,4.0,1.0,,3.0,1.0,1.0,
Jalen Duren,DET,C,16.246002484472058,11.106857142857145,3.149142857142857,15.271853096273295,10.498295714285716,3.039931785714286,0.0,0.0,0.0,0.68,0.6744186046511628,0.1149206349206349,11.790857142857142,7.0,6.0,3.0,,12.0,13.0,2.0,,16.0,8.0,3.0,
Tobias Harris,DET,F,14.92592049689441,5.7608571428571445,2.008285714285714,14.298820919254657,6.470068214285714,1.4855510714285713,0.0,0.0,0.0,0.593,0.5555555555555556,0.1296031746031746,13.297285714285714,25.0,6.0,0.0,,15.0,13.0,1.0,,5.0,6.0,0.0,
Caris LeVert,ATL,G-F,13.562975403726709,3.479142857142857,2.894571428571428,9.458634096894409,2.4263067857142855,2.018634642857142,0.0,0.0,0.0,0.576,0.5484848484848485,0.1068650793650793,10.96435714285714,,,,,,,,,,,,
Harrison Barnes,SAS,F,15.837540372670812,3.1962857142857146,1.621714285714286,11.044884689440998,2.229046071428571,1.1309614285714287,0.0,0.0,0.0,0.685,0.6524822695035462,0.1071825396825396,10.996928571428572,,,,,,,,,,,,
Jakob Poeltl,TOR,C,16.124726459627333,7.986,2.781428571428572,11.24516435031056,5.5693275,1.939730357142857,0.0,0.0,0.0,0.681,0.6631205673758865,0.1103571428571428,11.32264285714286,,,,,,,,,,,,
Kyle Filipowski,UTA,F-C,13.602083478260871,8.316,1.9422857142857144,9.485907534782607,5.799464999999999,1.3545235714285715,0.0,0.0,0.0,0.567,0.5446428571428571,0.1076190476190476,11.041714285714287,,,,,,,,,,,,
Bobby Portis,MIL,F,13.420612173913046,9.013714285714286,2.328857142857143,13.537701921739133,9.102741428571429,2.159113214285714,0.0,0.0,0.0,0.546,0.5138888888888888,0.108531746031746,11.135357142857142,4.0,8.0,0.0,,28.0,12.0,1.0,,10.0,8.0,3.0,
Jabari Smith Jr.,HOU,F,13.479889192546583,7.59,1.1314285714285717,12.446153406211181,6.915687499999999,0.7890428571428572,0.0,0.0,0.0,0.597,0.5632911392405063,0.1209920634920634,12.413785714285712,11.0,6.0,0.0,,5.0,5.0,0.0,,12.0,5.0,0.0,
Jarrett Allen,CLE,C-F,17.000419378881986,8.721428571428572,1.8480000000000003,16.815910650931677,9.082667857142859,1.5983575,0.0,0.0,0.0,0.724,0.7310924369747899,0.1134126984126984,11.636142857142858,12.0,11.0,1.0,,9.0,8.0,1.0,,22.0,10.0,1.0,
Toumani Camara,POR,F,13.214692173913049,5.317714285714287,2.574,9.215746121739128,3.7085014285714286,1.7950724999999998,0.0,0.0,0.0,0.574,0.5680473372781065,0.1417460317460318,14.54314285714286,,,,,,,,,,,,
Brice Sensabaugh,UTA,F,15.253460869565222,3.4508571428571435,1.923428571428572,10.637555608695655,2.4065807142857145,1.341372857142857,0.0,0.0,0.0,0.679,0.6631205673758865,0.0979761904761904,10.052357142857145,,,,,,,,,,,,
Payton Pritchard,BOS,G,14.177783850931675,4.054285714285714,3.4131428571428573,12.944555624223602,3.2324035714285713,2.6040417857142857,0.0,0.0,0.0,0.585,0.5769230769230769,0.1224206349206349,12.560357142857145,19.0,0.0,3.0,,14.0,3.0,0.0,,3.0,1.0,0.0,
Tim Hardaway Jr.,DET,G,12.70112198757764,2.4891428571428573,1.5557142857142856,13.874751777018632,2.270069285714286,1.3945214285714285,0.0,0.0,0.0,0.594,0.5480769230769231,0.1154761904761904,11.847857142857144,19.0,2.0,1.0,,0.0,1.0,1.0,,24.0,2.0,1.0,
Obi Toppin,IND,F,14.32618136645963,4.139142857142859,1.838571428571429,12.53340852795031,3.516169285714286,1.5917821428571424,0.0,0.0,0.0,0.67,0.6595744680851063,0.0883333333333333,9.063,6.0,1.0,1.0,,7.0,3.0,1.0,,10.0,2.0,1.0,
Justin Edwards,PHI,G,11.163805714285717,3.648857142857143,1.857428571428572,7.785485871428572,2.544663214285714,1.295345357142857,0.0,0.0,0.0,0.529,0.5111731843575419,0.1227380952380952,12.592928571428573,,,,,,,,,,,,
Keon Johnson,BRK,G,12.362021366459627,3.978857142857143,2.8097142857142847,8.621105127950308,2.774800714285714,1.9594564285714275,0.0,0.0,0.0,0.572,0.5493827160493827,0.108531746031746,11.135357142857142,,,,,,,,,,,,
Moritz Wagner,ORL,F-C,14.443325217391308,5.053714285714286,1.6122857142857143,10.072578052173913,3.524391428571428,1.1243860714285716,0.0,0.0,0.0,0.642,0.6287878787878788,0.0791666666666666,8.1225,,,,,,,,,,,,
Kevin Porter Jr.,MIL,G,12.73590111801242,4.261714285714287,3.9222857142857146,10.691893768322979,4.029998928571428,4.263286071428572,0.0,0.0,0.0,0.597,0.5413793103448276,0.0898015873015873,9.213642857142862,12.0,5.0,5.0,,9.0,1.0,3.0,,1.0,4.0,6.0,
Jeff Dowtin,PHI,G,11.695544347826088,1.7442857142857144,2.3477142857142854,8.156313143478263,1.2164410714285714,1.6372639285714283,0.0,0.0,0.0,0.649,0.6312056737588653,0.0809523809523809,8.305714285714286,,,,,,,,,,,,
Jerami Grant,POR,F,11.551639751552797,3.4320000000000004,2.064857142857143,8.05595604037267,2.3934300000000004,1.4400032142857142,0.0,0.0,0.0,0.505,0.4396551724137931,0.1346031746031746,13.810285714285715,,,,,,,,,,,,
Gary Trent Jr.,MIL,G,13.40201739130435,2.055428571428572,1.3482857142857143,16.280609173913042,2.117602857142857,1.1744510714285714,0.0,0.0,0.0,0.588,0.5490196078431373,0.115079365079365,11.80714285714286,14.0,2.0,2.0,,4.0,1.0,1.0,,37.0,3.0,0.0,
Isaiah Joe,OKC,G,14.66656099378882,2.790857142857143,1.998857142857144,12.845784638509313,2.510893214285714,1.7885632142857144,0.0,0.0,0.0,0.711,0.6954887218045113,0.0978968253968253,10.044214285714284,6.0,1.0,1.0,,7.0,4.0,2.0,,10.5,1.0,1.0,
Aaron Wiggins,OKC,G,13.480430310559006,4.356,1.942285714285714,12.322405774534163,3.4861649999999997,1.5036985714285713,0.0,0.0,0.0,0.543,0.5287356321839081,0.1045238095238095,10.724142857142851,21.0,4.0,2.0,,8.0,0.0,0.0,,4.5,1.0,0.0,
Jared Butler,PHI,G,10.78913888198758,2.328857142857144,4.912285714285715,7.524198331677018,1.6241132142857144,3.4257610714285724,0.0,0.0,0.0,0.538,0.5087209302325582,0.105515873015873,10.825928571428571,,,,,,,,,,,,
Tristan Vukcevic,WAS,F-C,11.07319304347826,4.29,1.1785714285714284,7.722293830434781,2.9917875,0.8219196428571427,0.0,0.0,0.0,0.567,0.5348101265822784,0.0732936507936507,7.51992857142857,,,,,,,,,,,,
Scotty Pippen Jr.,MEM,G,12.460144099378883,3.177428571428572,4.563428571428572,14.293709583850935,3.905070357142857,4.240822857142858,0.0,0.0,0.0,0.628,0.6007194244604317,0.0966666666666666,9.918,2.0,2.0,4.0,,13.0,4.0,1.0,,29.0,8.0,4.5,
Scoot Henderson,POR,G,10.905003726708074,3.0077142857142856,4.686,7.605000894409935,2.0975389285714283,3.2679524999999994,0.0,0.0,0.0,0.489,0.449438202247191,0.1114285714285714,11.43257142857143,,,,,,,,,,,,
Adem Bona,PHI,F-C,12.821643726708077,6.524571428571429,0.8014285714285714,8.94163949440994,4.550147142857142,0.5589053571428569,0.0,0.0,0.0,0.722,0.7094017094017094,0.0974999999999999,10.0035,,,,,,,,,,,,
Nick Smith Jr.,CHO,G,12.004555527950314,2.4891428571428573,3.356571428571429,8.371813326708077,1.7358942857142858,2.340827142857143,0.0,0.0,0.0,0.558,0.5274390243902439,0.1114682539682539,11.43664285714286,,,,,,,,,,,,
Isaiah Collier,UTA,G,11.718435279503106,3.846857142857143,7.080857142857145,8.172276967080744,2.6827457142857143,4.938093214285716,0.0,0.0,0.0,0.551,0.5066225165562914,0.1264285714285714,12.97157142857143,,,,,,,,,,,,
Rui Hachimura,LAL,F,14.530937142857146,4.469142857142858,1.254,12.939964914285712,4.514656785714285,1.3236974999999997,0.0,0.0,0.0,0.621,0.6076388888888888,0.1278968253968253,13.122214285714284,9.0,5.0,2.0,,11.0,5.0,0.0,,8.0,4.0,2.0,
Keegan Murray,SAC,F,12.670032298136649,5.930571428571429,1.395428571428572,8.835907751552794,4.135899642857144,0.9731528571428573,0.0,0.0,0.0,0.564,0.5568862275449101,0.1402380952380952,14.388428571428571,,,,,,,,,,,,
Keldon Johnson,SAS,G,12.146377639751556,5.251714285714287,2.130857142857143,8.470718133540373,3.662473928571429,1.486030714285714,0.0,0.0,0.0,0.531,0.4878787878787878,0.1012301587301587,10.386214285714287,,,,,,,,,,,,
Tari Eason,HOU,F,12.25396173913044,6.39257142857143,1.668857142857143,11.383270817391304,6.166442142857143,1.2488382142857146,0.0,0.0,0.0,0.567,0.5445859872611465,0.1109920634920634,11.387785714285716,6.0,4.0,0.0,,14.0,6.0,1.0,,8.0,6.0,0.0,
Bilal Coulibaly,WAS,F,10.872208695652176,4.723714285714284,3.271714285714286,7.582130086956524,3.2942539285714276,2.2816489285714288,0.0,0.0,0.0,0.518,0.4909090909090909,0.1355952380952381,13.91207142857143,,,,,,,,,,,,
Klay Thompson,DAL,G-F,12.576845217391307,3.234,1.9705714285714284,8.770920352173915,2.2553475,1.3742496428571427,0.0,0.0,0.0,0.539,0.5119760479041916,0.1123809523809524,11.530285714285714,,,,,,,,,,,,
Tre Jones,CHI,G,11.82116571428572,2.979428571428572,4.789714285714287,8.24391977142857,2.0778128571428574,3.3402814285714286,0.0,0.0,0.0,0.653,0.624031007751938,0.0984126984126984,10.09714285714286,,,,,,,,,,,,
Daniel Gafford,DAL,C-F,14.637734161490684,7.599428571428572,1.6877142857142855,10.208156198757761,5.299737857142856,1.1769889285714283,0.0,0.0,0.0,0.692,0.6727272727272727,0.0986507936507936,10.12157142857143,,,,,,,,,,,,
Jonathan Kuminga,GSW,F,13.170517267080749,4.412571428571429,2.3382857142857145,11.16993914409938,3.482267142857142,2.1006885714285715,0.0,0.0,0.0,0.526,0.4620689655172413,0.0972222222222222,9.975,,,,,11.0,3.0,2.0,,7.0,1.0,2.0,
Nikola Jovic,MIA,G-F,12.939984596273291,3.960000000000001,3.6111428571428568,9.02416880310559,2.76165,2.518361785714285,0.0,0.0,0.0,0.617,0.6,0.1217857142857142,12.495214285714283,,,,,,,,,,,,
Al Horford,BOS,C-F,10.887032049689443,7.392000000000001,2.460857142857143,9.630405191925467,7.4280175,2.4749307142857138,0.0,0.0,0.0,0.596,0.5694444444444444,0.1214285714285714,12.458571428571428,5.0,5.0,3.0,,9.0,10.0,1.0,,6.0,7.0,3.0,
Davion Mitchell,MIA,G,11.752148571428574,2.875714285714286,5.393142857142858,13.46836315714286,2.9888339285714287,5.692391785714287,0.0,0.0,0.0,0.611,0.585820895522388,0.1340079365079365,13.749214285714288,18.0,4.0,9.0,,18.0,1.0,6.0,,16.0,4.0,5.0,
Trendon Watford,BRK,F,10.958148074534158,3.818571428571428,3.224571428571429,7.642063037888194,2.663019642857142,2.248772142857143,0.0,0.0,0.0,0.563,0.5145985401459854,0.0969047619047619,9.94242857142857,,,,,,,,,,,,
Isaiah Hartenstein,OKC,F,12.171810186335405,8.98542857142857,3.337714285714286,11.242679444720496,8.988015357142858,3.480613928571429,0.0,0.0,0.0,0.628,0.6076923076923076,0.1101984126984127,11.306357142857143,14.0,8.0,5.0,,6.0,10.0,3.0,,8.0,8.5,3.5,
Ayo Dosunmu,CHI,G,12.789734161490683,2.9417142857142857,4.440857142857142,8.919386198757763,2.051511428571428,3.0969932142857144,0.0,0.0,0.0,0.59,0.5704225352112676,0.1274206349206349,13.07335714285714,,,,,,,,,,,,
Kel'el Ware,MIA,C,11.479720248447206,10.07914285714286,1.1408571428571432,9.949975359627325,8.342819285714286,1.2447932142857145,0.0,0.0,0.0,0.619,0.6167883211678832,0.1144047619047619,11.737928571428574,2.0,3.0,2.0,,7.0,4.0,0.0,,8.0,5.0,2.0,
Johnny Juzang,UTA,G,10.885900621118012,3.0737142857142854,1.32,7.591678649068321,2.143566428571428,0.92055,0.0,0.0,0.0,0.565,0.5487012987012987,0.0959523809523809,9.844714285714286,,,,,,,,,,,,
Jose Alvarado,NOP,G,9.646117267080744,2.5645714285714285,5.082000000000001,6.727070644099378,1.7884971428571423,3.5441175,0.0,0.0,0.0,0.489,0.4651162790697674,0.1097619047619047,11.261571428571427,,,,,,,,,,,,
Donte DiVincenzo,MIN,G,12.893612422360247,3.724285714285714,3.724285714285714,11.503116981366455,3.9752035714285716,3.6656160714285715,0.0,0.0,0.0,0.589,0.5844594594594594,0.1055555555555555,10.829999999999998,9.0,5.0,4.0,,4.0,3.0,2.0,,10.0,5.0,4.0,
Bub Carrington,WAS,G,10.369788819875778,4.572857142857144,5.421428571428572,7.231749316770185,3.189048214285715,3.780830357142857,0.0,0.0,0.0,0.51,0.4909090909090909,0.1313492063492063,13.476428571428572,,,,,,,,,,,,
Naz Reid,MIN,F,12.8587349068323,6.505714285714287,2.866285714285714,13.098018877639753,5.979933928571429,2.2330835714285713,0.0,0.0,0.0,0.548,0.538961038961039,0.1183730158730158,12.14507142857143,23.0,5.0,2.0,,9.0,2.0,1.0,,11.0,6.0,0.0,
Jrue Holiday,BOS,G,10.757573664596276,4.290000000000001,4.026000000000001,9.108472679503109,3.5555500000000007,3.6906150000000006,0.0,0.0,0.0,0.577,0.5513698630136986,0.1302380952380952,13.362428571428572,9.0,3.0,5.0,,11.0,4.0,6.0,,,,,
Guerschon Yabusele,PHI,F-C,11.561724223602488,5.996571428571428,2.442,8.062988813664596,4.181927142857142,1.7030174999999996,0.0,0.0,0.0,0.57,0.5471014492753623,0.122063492063492,12.523714285714284,,,,,,,,,,,,
Corey Kispert,WAS,G-F,12.151985590062116,2.8474285714285714,1.7914285714285716,8.474629041614909,1.985757857142857,1.2493178571428567,0.0,0.0,0.0,0.603,0.5740740740740741,0.1048015873015873,10.75264285714286,,,,,,,,,,,,
Dennis Schroder,DET,G,9.73881242236025,2.7060000000000004,5.346,6.79171498136646,1.8871274999999998,3.7282274999999996,0.0,0.0,0.0,0.512,0.4195804195804196,0.1114682539682539,11.436642857142855,,,,,,,,,,,,
Ausar Thompson,DET,G,11.226821366459632,5.402571428571429,2.574,10.050307127950315,5.090204642857143,2.46966,0.0,0.0,0.0,0.558,0.5182481751824818,0.1032936507936508,10.597928571428572,10.0,6.0,1.0,,5.0,5.0,0.0,,7.0,3.0,4.0,
Orlando Robinson,TOR,F,9.228128198757766,6.807428571428571,2.3854285714285712,6.435570767701862,4.747407857142857,1.6635653571428564,0.0,0.0,0.0,0.537,0.5034013605442177,0.0957142857142857,9.820285714285715,,,,,,,,,,,,
Jordan Hawkins,NOP,G,10.196959006211182,3.2057142857142864,1.3765714285714288,7.111220161490685,2.2356214285714286,0.9600021428571428,0.0,0.0,0.0,0.527,0.5064935064935064,0.1031349206349206,10.58164285714286,,,,,,,,,,,,
D'Angelo Russell,BRK,G,10.037509565217391,2.772,5.261142857142858,7.0000222956521725,1.9331550000000002,3.6690492857142853,0.0,0.0,0.0,0.476,0.4431137724550898,0.1037698412698412,10.646785714285715,,,,,,,,,,,,
Fred VanVleet,HOU,G,10.38602236024845,3.0171428571428573,4.95,11.133945366459628,3.2887017857142853,4.594175,0.0,0.0,0.0,0.491,0.4570552147239264,0.145079365079365,14.885142857142858,10.0,1.0,7.0,,7.0,6.0,2.0,,17.0,4.0,3.0,
Luguentz Dort,OKC,G,11.91799304347826,3.9317142857142855,1.5462857142857145,10.33649583043478,4.330686428571428,1.2275335714285713,0.0,0.0,0.0,0.637,0.6455223880597015,0.124563492063492,12.780214285714283,12.0,3.0,2.0,,8.0,9.0,0.0,,3.0,4.0,0.0,
Duncan Robinson,MIA,G-F,12.096939130434782,1.7725714285714285,1.6405714285714283,10.18794039130435,1.4599296428571424,1.2291121428571428,0.0,0.0,0.0,0.63,0.6153846153846154,0.0978571428571428,10.040142857142856,8.0,3.0,0.0,,3.0,0.0,1.0,,6.0,0.0,0.0,
Jeremy Sochan,SAS,F-G,10.348652422360251,5.176285714285715,2.1591428571428573,7.217009081366461,3.6098710714285707,1.505756785714286,0.0,0.0,0.0,0.559,0.5328467153284672,0.0990079365079365,10.158214285714285,,,,,,,,,,,,
Karlo MatkoviÄ‡,NOP,F-C,12.205851428571432,5.742000000000001,1.2822857142857145,8.512194342857144,4.004392500000001,0.8942485714285714,0.0,0.0,0.0,0.667,0.6541666666666667,0.0925396825396825,9.494571428571428,,,,,,,,,,,,
Santi Aldama,MEM,F,11.314777639751554,5.430857142857144,3.224571428571429,11.888709133540374,5.635755714285715,2.772534642857143,0.0,0.0,0.0,0.561,0.5460992907801419,0.1109920634920634,11.387785714285716,5.0,4.0,3.0,,10.0,5.0,0.0,,18.5,7.5,2.0,
Khris Middleton,WAS,F-G,11.13529043478261,3.620571428571429,3.564000000000001,7.765599704347829,2.524937142857143,2.4854850000000006,0.0,0.0,0.0,0.553,0.4963235294117647,0.0954761904761904,9.795857142857146,,,,,,,,,,,,
Antonio Reeves,NOP,G,9.632982857142858,1.536857142857143,1.1597142857142857,6.717910885714287,1.071783214285714,0.8087689285714282,0.0,0.0,0.0,0.621,0.6031746031746031,0.078531746031746,8.057357142857143,,,,,,,,,,,,
Ziaire Williams,BRK,F,11.32681341614907,4.271142857142857,1.1974285714285715,7.899165219875779,2.978636785714285,0.8350703571428568,0.0,0.0,0.0,0.596,0.5692307692307692,0.1101587301587301,11.302285714285718,,,,,,,,,,,,
Julian Champagnie,SAS,F,10.129729192546584,3.818571428571429,1.6122857142857143,7.064335006211175,2.663019642857142,1.1243860714285716,0.0,0.0,0.0,0.572,0.5335820895522388,0.0943650793650793,9.681857142857144,,,,,,,,,,,,
Ryan Dunn,PHO,F,7.705520496894411,4.365428571428572,0.5091428571428573,5.373724919254658,3.044390357142857,0.35506928571428575,0.0,0.0,0.0,0.528,0.5230263157894737,0.0898809523809523,9.221785714285716,,,,,,,,,,,,
Nic Claxton,BRK,C,12.08018086956522,7.212857142857143,2.5362857142857145,8.424553408695655,5.030148214285713,1.768771071428571,0.0,0.0,0.0,0.634,0.65,0.1147619047619047,11.774571428571425,,,,,,,,,,,,
Justin Champagnie,WAS,F,10.498082981366464,7.429714285714287,0.9805714285714286,7.3212199155279505,5.181381428571428,0.6838371428571428,0.0,0.0,0.0,0.608,0.5984251968503937,0.1081349206349206,11.09464285714286,,,,,,,,,,,,
Kyshawn George,WAS,G,9.55106086956522,4.80857142857143,2.951142857142857,6.660779608695652,3.353432142857143,2.0580867857142864,0.0,0.0,0.0,0.53,0.506896551724138,0.115515873015873,11.851928571428571,,,,,,,,,,,,
Ja'Kobe Walter,TOR,G,9.321659627329195,3.762000000000001,1.753714285714286,6.50079831055901,2.6235675,1.2230164285714284,0.0,0.0,0.0,0.544,0.4890510948905109,0.0984126984126984,10.09714285714286,,,,,,,,,,,,
Bogdan Bogdanovic,LAC,G,13.160973913043478,3.120857142857143,3.3942857142857137,9.178283739130432,2.176443214285714,2.367128571428571,0.0,0.0,0.0,0.686,0.6651785714285714,0.1022619047619047,10.492071428571426,,,,,,,,,,,,
Sam Hauser,BOS,F,11.689460869565218,3.432,0.7542857142857143,8.15207060869565,2.8521925,0.7506160714285713,0.0,0.0,0.0,0.67,0.6666666666666666,0.1009920634920635,10.361785714285716,0.0,3.0,1.0,,0.0,1.0,0.0,,0.0,1.0,1.0,
Jaden McDaniels,MIN,F,11.9049898136646,5.836285714285715,2.234571428571429,15.347065055279506,5.8314335714285725,1.942534642857143,0.0,0.0,0.0,0.537,0.5174825174825175,0.1311507936507936,13.456071428571425,25.0,9.0,2.0,,8.0,4.0,1.0,,30.0,5.0,1.0,
Anthony Black,ORL,G,9.785430559006215,3.3282857142857143,2.772,9.332988334161492,3.259451071428571,1.9331550000000002,0.0,0.0,0.0,0.549,0.5147058823529411,0.0974603174603174,9.999428571428576,3.0,4.0,0.0,,11.0,4.0,0.0,,9.0,2.0,0.0,
Walker Kessler,UTA,C,10.803667080745344,12.804000000000004,1.8008571428571432,7.5343300993788835,8.929335,1.2558932142857144,0.0,0.0,0.0,0.556,0.5625,0.1239285714285714,12.715071428571425,,,,,,,,,,,,
Miles McBride,NYK,G,8.363520000000001,2.583428571428572,3.205714285714285,6.9626048,2.111235357142857,2.5339714285714283,0.0,0.0,0.0,0.483,0.475,0.1137698412698413,11.672785714285716,0.0,1.0,4.0,,8.0,1.0,0.0,,3.0,1.0,0.0,
Georges Niang,ATL,F,11.541817639751557,2.3760000000000003,1.3294285714285716,8.049106233540373,1.65699,0.9271253571428574,0.0,0.0,0.0,0.596,0.5852713178294574,0.0904761904761904,9.282857142857145,,,,,,,,,,,,
Cole Anthony,ORL,G,11.293542857142857,3.837428571428572,3.186857142857143,8.774312785714281,3.2761703571428566,2.746233214285714,0.0,0.0,0.0,0.565,0.515625,0.0965873015873016,9.909857142857144,4.0,0.0,3.0,,0.0,0.0,0.0,,4.0,4.0,2.0,
Gradey Dick,TOR,G,9.831294409937891,4.007142857142858,1.3105714285714287,6.856210658385096,2.7945267857142864,0.9139746428571429,0.0,0.0,0.0,0.52,0.4781021897810219,0.1138492063492063,11.68092857142857,,,,,,,,,,,,
Ricky Council IV,PHI,G,7.453753043478262,4.337142857142858,1.7725714285714291,5.198145730434783,3.0246642857142865,1.236167142857143,0.0,0.0,0.0,0.474,0.4035714285714286,0.0905952380952381,9.29507142857143,,,,,,,,,,,,
Jamal Shead,TOR,G,8.054640000000001,2.036571428571429,5.412000000000001,5.6171961,1.4202771428571428,3.7742549999999997,0.0,0.0,0.0,0.483,0.4503311258278146,0.0987301587301587,10.129714285714284,,,,,,,,,,,,
Max Strus,CLE,G,11.61040844720497,4.374857142857143,3.3000000000000003,12.658228027329192,4.560553214285714,3.635962499999999,0.0,0.0,0.0,0.649,0.6327433628318584,0.1099603174603174,11.281928571428574,9.0,1.0,1.0,,14.0,1.0,6.0,,18.0,9.0,5.0,
Yves Missi,NOP,C,9.70063900621118,8.334857142857143,1.3765714285714288,6.765093361490683,5.812615714285713,0.9600021428571428,0.0,0.0,0.0,0.584,0.5648148148148148,0.110079365079365,11.29414285714286,,,,,,,,,,,,
Ochai Agbaji,TOR,G,10.133467826086957,3.743142857142857,1.2162857142857144,7.066942278260869,2.610416785714286,0.8482210714285717,0.0,0.0,0.0,0.588,0.5736434108527132,0.0999603174603174,10.25592857142857,,,,,,,,,,,,
Dorian Finney-Smith,LAL,F,10.694656397515528,3.818571428571429,1.7160000000000002,9.477070035403724,3.461782142857142,1.7308900000000003,0.0,0.0,0.0,0.671,0.6666666666666666,0.1291269841269841,13.248428571428565,3.0,3.0,2.0,,7.0,5.0,1.0,,8.0,1.0,2.0,
Jusuf Nurkic,CHO,C,9.08487950310559,6.024857142857144,2.564571428571429,6.335671080745339,4.201653214285714,1.7884971428571428,0.0,0.0,0.0,0.57,0.5491803278688525,0.0747222222222222,7.666499999999999,,,,,,,,,,,,
Josh Hart,NYK,G,10.94480049689441,9.051428571428572,6.477428571428572,10.352392119254658,9.079455357142855,6.739795357142857,0.0,0.0,0.0,0.531,0.5111940298507462,0.1552380952380952,15.927428571428573,13.0,7.0,6.0,,10.0,7.0,5.0,,6.0,11.0,9.0,
Jalen Wilson,BRK,F,9.042377142857148,3.3754285714285714,1.7160000000000006,6.306030514285714,2.3539778571428567,1.1967150000000002,0.0,0.0,0.0,0.552,0.5120967741935484,0.0925793650793651,9.49864285714286,,,,,,,,,,,,
Sandro Mamukelashvili,SAS,C-F,9.236654906832303,4.101428571428572,1.056,6.441517177639754,2.8602803571428588,0.7364400000000001,0.0,0.0,0.0,0.607,0.5826086956521739,0.0638492063492063,6.550928571428571,,,,,,,,,,,,
Kelly Olynyk,NOP,C-F,10.00104149068323,4.8745714285714286,3.460285714285715,6.974589957763975,3.399459642857143,2.4131560714285714,0.0,0.0,0.0,0.591,0.5373831775700935,0.0993650793650793,10.194857142857142,,,,,,,,,,,,
Nick Richards,PHO,F-C,10.611422608695657,7.599428571428572,0.5185714285714287,7.400261426086957,5.299737857142857,0.3616446428571428,0.0,0.0,0.0,0.642,0.6181818181818182,0.0913492063492063,9.372428571428571,,,,,,,,,,,,
KJ Simpson,CHO,G,7.178930683229816,3.347142857142857,3.4131428571428577,5.006488363975157,2.334251785714285,2.3802792857142854,0.0,0.0,0.0,0.457,0.4308176100628931,0.1107936507936508,11.367428571428574,,,,,,,,,,,,
Cason Wallace,OKC,G,10.710398012422363,3.234,2.668285714285714,8.718460522981369,3.0245225,2.6395885714285705,0.0,0.0,0.0,0.636,0.6238938053097345,0.1152777777777777,11.8275,2.0,2.0,3.0,,5.0,2.0,3.0,,4.5,3.0,2.0,
Andrew Nembhard,IND,G,8.778377142857146,3.5922857142857145,4.818,9.734908014285715,3.2085610714285715,4.992945,0.0,0.0,0.0,0.529,0.4961538461538461,0.1249206349206349,12.816857142857144,17.0,4.0,5.0,,17.0,3.0,6.0,,6.0,1.0,5.0,
Wendell Carter Jr.,ORL,C,9.585610434782607,7.1657142857142855,1.4331428571428568,9.843224004347825,8.446908928571428,1.2344542857142853,0.0,0.0,0.0,0.567,0.5336134453781513,0.1117460317460317,11.46514285714286,4.0,13.0,0.0,,16.0,8.0,1.0,,10.0,12.0,1.0,
Gary Payton II,GSW,G,10.691999999999998,3.234,1.32,10.378567499999996,3.0141099999999987,1.2301374999999999,0.0,0.0,0.0,0.69,0.6875,0.0718650793650793,7.373357142857142,7.0,3.0,1.0,,0.0,1.0,1.0,,16.0,3.0,1.0,
Jaden Hardy,DAL,G,9.914003478260868,1.5557142857142856,1.5651428571428574,6.913890834782607,1.0849339285714283,1.0915092857142858,0.0,0.0,0.0,0.572,0.5512820512820513,0.0693253968253968,7.112785714285713,,,,,,,,,,,,
Ryan Rollins,MIL,G,9.505590559006215,2.3477142857142863,2.913428571428572,7.002006734161493,1.7864389285714284,2.255547857142857,0.0,0.0,0.0,0.661,0.6421568627450981,0.0788095238095238,8.085857142857146,5.0,2.0,3.0,,,,,,0.0,0.0,0.0,
Moses Moody,GSW,G,9.333744596273297,3.0831428571428576,1.5180000000000005,9.101338703105595,2.919316785714286,1.5182200000000003,0.0,0.0,0.0,0.517,0.4810606060606061,0.1117857142857143,11.469214285714285,7.0,2.0,1.0,,12.0,2.0,1.0,,7.0,3.0,2.0,
Tyus Jones,PHO,G,9.521053416149073,2.366571428571429,3.9411428571428577,6.639852819875776,1.6504146428571427,2.7484992857142863,0.0,0.0,0.0,0.608,0.5982905982905983,0.0908333333333333,9.319500000000001,,,,,,,,,,,,
Max Christie,DAL,G,9.6419850931677,4.120285714285714,2.1214285714285714,6.7241889223602485,2.8734310714285716,1.479455357142857,0.0,0.0,0.0,0.537,0.4833333333333333,0.1201984126984126,12.33235714285714,,,,,,,,,,,,
Alex Caruso,OKC,G,9.77977341614907,3.168,2.498571428571428,9.125280619875776,3.4480824999999995,2.895819642857144,0.0,0.0,0.0,0.642,0.5969387755102041,0.0811507936507936,8.326071428571428,0.0,3.0,4.0,,13.0,4.0,3.0,,8.0,4.5,4.0,
Nickeil Alexander-Walker,MIN,G,9.947126459627327,3.7525714285714287,3.168,8.399102850310559,3.311579642857142,2.9880825,0.0,0.0,0.0,0.568,0.5136363636363637,0.1090079365079365,11.184214285714287,7.0,1.0,3.0,,4.0,2.0,3.0,,4.0,3.0,2.0,
Derrick Jones Jr.,LAC,F,10.620523229813664,2.866285714285714,0.6411428571428572,9.264958075155281,2.6172585714285717,0.5221242857142857,0.0,0.0,0.0,0.627,0.6067961165048543,0.0964285714285714,9.893571428571429,4.0,4.0,0.0,,6.0,2.0,0.0,,7.0,1.0,0.5,
Brandon Clarke,MEM,F,10.61120944099379,5.072571428571427,1.150285714285714,7.400112765838509,3.5375421428571414,0.8021935714285711,0.0,0.0,0.0,0.653,0.6326530612244898,0.0794841269841269,8.15507142857143,,,,,,,,,,,,
Jamison Battle,TOR,F,7.684859627329195,3.432000000000001,0.8674285714285714,5.359316310559008,2.3934300000000004,0.604932857142857,0.0,0.0,0.0,0.535,0.5267175572519084,0.0973412698412698,9.987214285714286,,,,,,,,,,,,
Terance Mann,ATL,G-F,9.826440745341614,2.9982857142857138,1.763142857142857,6.852825778881985,2.0909635714285706,1.2295917857142853,0.0,0.0,0.0,0.614,0.5909090909090909,0.0926587301587301,9.506785714285716,,,,,,,,,,,,
Bruce Brown,NOP,G-F,7.833913043478261,4.073142857142858,2.423142857142857,5.463264130434781,2.840554285714286,1.6898667857142855,0.0,0.0,0.0,0.525,0.496,0.1020238095238095,10.467642857142858,,,,,,,,,,,,
Grayson Allen,PHO,G,10.362442732919256,2.621142857142857,2.206285714285714,7.226626255900621,1.8279492857142854,1.538633571428571,0.0,0.0,0.0,0.622,0.58,0.0941666666666666,9.6615,,,,,,,,,,,,
Lonzo Ball,CHI,G,7.750384099378883,3.582857142857143,2.998285714285715,5.405012183850931,2.4986357142857143,2.0909635714285715,0.0,0.0,0.0,0.516,0.4923664122137404,0.1002380952380952,10.28442857142857,,,,,,,,,,,,
Buddy Hield,GSW,G-F,9.760424347826088,3.168,1.386,9.930961843478258,2.9239074999999994,1.3515775,0.0,0.0,0.0,0.574,0.5470085470085471,0.089563492063492,9.189214285714286,2.0,1.0,0.0,,5.0,4.0,1.0,,17.0,2.0,2.0,
Zach Edey,MEM,C,9.79266186335404,9.372,1.159714285714286,8.742618847204968,8.927192499999999,1.3633564285714286,0.0,0.0,0.0,0.636,0.6,0.0949603174603174,9.742928571428571,4.0,9.0,1.0,,4.0,7.0,3.0,,8.5,7.5,1.5,
Alec Burks,MIA,G,9.260004968944102,2.630571428571429,1.1220000000000003,6.905326192546588,1.9836996428571423,0.9316425000000004,0.0,0.0,0.0,0.624,0.6146788990825688,0.0773015873015873,7.93114285714286,6.0,2.0,2.0,,,,,,,,,
Tyrese Martin,BRK,G,8.223222857142861,3.3660000000000005,2.6965714285714286,5.7347634857142875,2.3474025,1.8805521428571421,0.0,0.0,0.0,0.529,0.5118110236220472,0.0958730158730158,9.83657142857143,,,,,,,,,,,,
Marcus Smart,WAS,G,8.991774409937886,1.9894285714285715,2.8851428571428563,6.27074085838509,1.3874003571428566,2.012059285714285,0.0,0.0,0.0,0.563,0.5321100917431193,0.0801190476190476,8.220214285714283,,,,,,,,,,,,
Kentavious Caldwell-Pope,ORL,G,10.495492173913044,2.687142857142857,1.6971428571428568,8.021938121739131,2.8123267857142857,1.6327392857142855,0.0,0.0,0.0,0.698,0.6774193548387096,0.1190873015873015,12.218357142857144,6.0,4.0,2.0,,3.0,4.0,0.0,,0.0,2.0,2.0,
Eric Gordon,PHI,G-F,9.195562732919257,1.3954285714285717,2.0460000000000003,6.412860055900621,0.9731528571428573,1.4268524999999999,0.0,0.0,0.0,0.67,0.648936170212766,0.0904365079365079,9.278785714285712,,,,,,,,,,,,
Richaun Holmes,WAS,C-F,10.113085714285711,6.166285714285715,1.499142857142857,7.052728071428571,4.300283571428572,1.0454817857142855,0.0,0.0,0.0,0.713,0.6538461538461539,0.075595238095238,7.756071428571428,,,,,,,,,,,,
Luke Kornet,BOS,C-F,9.61878260869565,5.742,1.612285714285714,7.927182826086954,5.14898,1.1243860714285712,0.0,0.0,0.0,0.7,0.6976744186046512,0.0857539682539682,8.798357142857142,2.0,1.0,0.0,,2.0,2.0,0.0,,6.0,6.0,0.0,
Chris Paul,SAS,G,8.49712695652174,3.0171428571428573,5.836285714285713,5.925780469565217,2.104114285714285,4.070146071428571,0.0,0.0,0.0,0.597,0.5879629629629629,0.1084523809523809,11.127214285714285,,,,,,,,,,,,
DaQuan Jeffries,CHO,G-F,7.37593043478261,3.0925714285714285,1.3011428571428572,5.143873304347825,2.156717142857143,0.9073992857142856,0.0,0.0,0.0,0.54,0.521551724137931,0.1099603174603174,11.281928571428574,,,,,,,,,,,,
Dereck Lively II,DAL,C,10.851088695652177,7.222285714285714,2.281714285714286,7.567401286956523,5.0367235714285705,1.5912364285714282,0.0,0.0,0.0,0.728,0.7195121951219512,0.0944047619047619,9.685928571428567,,,,,,,,,,,,
Keon Ellis,SAC,G,11.052384596273292,3.1020000000000003,1.9422857142857144,7.7077823031055885,2.1632925,1.354523571428571,0.0,0.0,0.0,0.711,0.6904761904761905,0.1196031746031745,12.271285714285714,,,,,,,,,,,,
Mike Conley,MIN,G,9.409812670807456,2.451428571428571,4.723714285714285,8.583562540993789,2.893355357142857,4.203016428571428,0.0,0.0,0.0,0.632,0.6052631578947368,0.1048809523809523,10.760785714285715,9.0,3.0,3.0,,0.0,6.0,1.0,,9.0,3.0,4.0,
Kai Jones,DAL,F-C,10.190334409937888,3.950571428571428,0.7448571428571429,7.1066002583850905,2.755074642857142,0.5194532142857143,0.0,0.0,0.0,0.856,0.8602941176470589,0.058095238095238,5.96057142857143,,,,,,,,,,,,
Brandon Boston Jr.,NOP,G-F,8.704916273291927,2.7060000000000004,1.159714285714286,6.070689905590062,1.8871274999999998,0.8087689285714289,0.0,0.0,0.0,0.533,0.5,0.0839285714285714,8.611071428571428,,,,,,,,,,,,
Kessler Edwards,DAL,F,7.765289440993789,4.110857142857143,1.395428571428572,5.415406965838509,2.8668557142857143,0.9731528571428573,0.0,0.0,0.0,0.655,0.6382978723404256,0.0890079365079365,9.132214285714285,,,,,,,,,,,,
Chris Boucher,TOR,F,9.651577639751554,4.506857142857144,0.6505714285714288,6.730878633540372,3.1430207142857145,0.4536996428571429,0.0,0.0,0.0,0.6,0.58,0.0688492063492063,7.063928571428572,,,,,,,,,,,,
Jarace Walker,IND,F,8.27546534161491,2.790857142857143,1.433142857142857,6.549959181987579,2.659243214285714,0.9994542857142857,0.0,0.0,0.0,0.699,0.6875,0.0624206349206349,6.404357142857144,3.0,5.0,0.0,,3.0,4.0,0.0,,2.0,0.0,0.0,
Patrick Williams,CHI,F,8.326527204968944,3.309428571428572,1.6782857142857146,5.806806529192546,2.3079503571428575,1.1704135714285715,0.0,0.0,0.0,0.568,0.5566037735849056,0.0952777777777777,9.7755,,,,,,,,,,,,
Donovan Clingan,POR,C,7.957812670807452,9.702,1.6782857142857144,5.549670040993786,6.766042499999999,1.1704135714285713,0.0,0.0,0.0,0.563,0.545,0.1069047619047618,10.96842857142857,,,,,,,,,,,,
Tidjane SalaÃ¼n,CHO,F,7.287580621118015,5.459142857142858,1.5274285714285718,5.082259349068324,3.8071317857142866,1.0652078571428572,0.0,0.0,0.0,0.564,0.5306122448979592,0.0949603174603174,9.742928571428571,,,,,,,,,,,,
Jeremiah Robinson-Earl,NOP,F,7.901552795031057,4.704857142857144,1.508571428571429,5.510435170807454,3.2811032142857144,1.0520571428571426,0.0,0.0,0.0,0.625,0.6,0.0851587301587301,8.737285714285717,,,,,,,,,,,,
Cam Whitmore,HOU,F,9.852824347826092,2.809714285714286,1.1974285714285715,6.871225343478264,2.0444564285714284,0.8350703571428568,0.0,0.0,0.0,0.651,0.6333333333333333,0.0631349206349206,6.47764285714286,,,,,0.0,1.0,0.0,,,,,
Noah Clowney,BRK,F,7.067968695652174,4.176857142857142,0.905142857142857,4.929104986956521,2.9128832142857126,0.6312342857142855,0.0,0.0,0.0,0.443,0.3961538461538461,0.1039285714285714,10.663071428571426,,,,,,,,,,,,
Collin Gillespie,PHO,G,6.469606956521739,2.9794285714285715,2.913428571428571,4.511815669565217,2.077812857142856,2.0317853571428564,0.0,0.0,0.0,0.539,0.5178571428571429,0.0722619047619047,7.414071428571427,,,,,,,,,,,,
Quinten Post,GSW,F,8.883977142857143,3.3754285714285714,1.1974285714285715,7.515564514285713,4.398565357142857,1.5946578571428571,0.0,0.0,0.0,0.598,0.5891089108910891,0.0737698412698412,7.568785714285714,0.0,1.0,1.0,,12.0,2.0,1.0,,2.0,12.0,4.0,
Taurean Prince,MIL,F,9.41914285714286,3.1962857142857146,1.716,7.078781785714286,2.5282210714285713,1.7604774999999997,0.0,0.0,0.0,0.621,0.6105263157894737,0.1209126984126984,12.40564285714286,0.0,2.0,3.0,,6.0,0.0,4.0,,0.0,1.0,0.0,
Peyton Watson,DEN,G-F,6.864000000000002,3.5451428571428574,1.254,5.789385,3.261509285714286,0.9595225,0.0,0.0,0.0,0.52,0.5047169811320755,0.1059523809523809,10.870714285714284,6.0,2.0,0.0,,3.0,4.0,1.0,,2.0,2.0,0.0,
Julian Strawther,DEN,F,7.89840447204969,2.347714285714286,1.2068571428571429,5.508239573291926,1.7872639285714282,0.8416457142857143,0.0,0.0,0.0,0.523,0.504424778761062,0.0893650793650793,9.168857142857144,,,,,,,,,0.0,1.0,0.0,
Landry Shamet,NYK,G,7.629599999999999,1.5651428571428572,0.6411428571428573,5.469953999999998,1.0915092857142856,0.44712428571428575,0.0,0.0,0.0,0.595,0.5931372549019608,0.0776984126984127,7.971857142857143,2.0,0.0,0.0,,0.0,0.0,0.0,,0.0,0.0,0.0,
Jaylin Williams,OKC,F,9.013911055900625,6.100285714285716,2.913428571428572,6.957466153416147,4.787193571428571,2.255547857142857,0.0,0.0,0.0,0.731,0.7302631578947368,0.0752777777777777,7.723499999999998,9.0,5.0,3.0,,0.0,1.0,0.0,,0.0,0.5,0.0,
Talen Horton-Tucker,CHI,G-F,7.121506583850934,1.499142857142857,1.2917142857142856,4.966441580124224,1.0454817857142855,0.9008239285714285,0.0,0.0,0.0,0.576,0.5222222222222223,0.0540873015873015,5.549357142857144,,,,,,,,,,,,
Jonathan Mogbo,TOR,F,6.042156521739131,5.742,3.1208571428571426,4.213717565217392,4.0043925,2.176443214285714,0.0,0.0,0.0,0.47,0.439516129032258,0.1025396825396825,10.520571428571426,,,,,,,,,,,,
Seth Curry,CHO,G,8.96224248447205,1.8574285714285712,1.4331428571428568,6.250145696273291,1.2953453571428568,0.9994542857142853,0.0,0.0,0.0,0.653,0.625,0.0778174603174603,7.98407142857143,,,,,,,,,,,,
Bol Bol,PHO,F-C,9.438278757763978,3.252857142857144,0.7920000000000001,6.5821269018633535,2.268498214285714,0.55233,0.0,0.0,0.0,0.696,0.6785714285714286,0.0594047619047619,6.094928571428572,,,,,,,,,,,,
T.J. McConnell,IND,G,7.2654111801242225,2.564571428571428,4.667142857142856,6.397261183229811,2.9626721428571425,4.717739285714285,0.0,0.0,0.0,0.53,0.5137614678899083,0.071547619047619,7.340785714285714,11.0,2.0,5.0,,6.0,5.0,4.0,,0.0,4.0,5.0,
Draymond Green,GSW,F,7.507438509316772,6.213428571428572,5.440285714285714,7.263935242236025,6.405685357142858,4.702743571428571,0.0,0.0,0.0,0.485,0.4568965517241379,0.1241666666666666,12.7395,4.0,6.0,3.0,,8.0,5.0,1.0,,7.0,8.0,4.0,
Kyle Anderson,MIA,F-G,7.22848397515528,3.846857142857143,2.6682857142857146,5.041046154037266,2.757333214285714,1.935413571428571,0.0,0.0,0.0,0.577,0.5463917525773195,0.0785714285714285,8.061428571428571,0.0,1.0,1.0,,,,,,,,,
Ajay Mitchell,OKC,G,8.418156521739133,2.1025714285714288,1.8762857142857143,6.3936450652173935,1.6908921428571424,1.4576710714285719,0.0,0.0,0.0,0.665,0.6280487804878049,0.0712698412698412,7.312285714285714,5.0,1.0,2.0,,,,,,1.0,1.0,0.0,
Trey Lyles,SAC,F,7.407479254658385,4.818,1.4614285714285715,5.165875021118012,3.3600075,1.0191803571428573,0.0,0.0,0.0,0.608,0.5795454545454546,0.0887301587301587,9.103714285714284,,,,,,,,,,,,
Josh Okogie,CHOPHO,G,6.520701614906834,2.5928571428571434,0.9522857142857144,4.54744838757764,1.8082232142857144,0.6641110714285713,0.0,0.0,0.0,0.544,0.4666666666666667,0.0673015873015873,6.905142857142858,,,,,,,,,,,,
Dalano Banton,POR,G-F,5.286231055900622,1.998857142857144,2.6117142857142865,3.6865454534161493,1.3939757142857145,1.821373928571429,0.0,0.0,0.0,0.405,0.3602941176470588,0.0771031746031746,7.910785714285715,,,,,,,,,,,,
Kenrich Williams,OKC,G-F,7.405200000000002,3.554571428571429,1.9894285714285715,5.6118105,3.2256096428571426,1.4619878571428564,0.0,0.0,0.0,0.595,0.5885416666666666,0.0809126984126984,8.301642857142859,6.0,8.0,1.0,,,,,,0.0,1.0,0.0,
Jabari Walker,POR,F,8.595266086956524,4.195714285714287,0.6128571428571429,5.994221360869566,2.9260339285714285,0.42739821428571423,0.0,0.0,0.0,0.687,0.6710526315789473,0.061547619047619,6.314785714285713,,,,,,,,,,,,
Gabe Vincent,LAL,G,7.938988322981366,1.4425714285714288,1.272857142857143,7.020304697515528,1.156029642857143,1.1972607142857143,0.0,0.0,0.0,0.589,0.5816326530612245,0.0918650793650793,9.42535714285714,3.0,0.0,1.0,,6.0,0.0,1.0,,5.0,1.0,1.0,
Marcus Sasser,DET,G,8.50042285714286,1.2351428571428569,2.1497142857142864,5.928078985714288,0.8613717857142855,1.4991814285714289,0.0,0.0,0.0,0.683,0.6578947368421053,0.0539682539682539,5.537142857142856,,,,,,,,,,,,
Andre Drummond,PHI,C,6.679905093167704,7.014857142857143,1.1125714285714283,4.658474722360249,4.892065714285714,0.7758921428571427,0.0,0.0,0.0,0.541,0.5,0.0713492063492063,7.320428571428571,,,,,,,,,,,,
Royce O'Neale,PHO,F,7.808693664596275,3.9882857142857135,2.262857142857143,5.445676479503106,2.781376071428571,1.578085714285714,0.0,0.0,0.0,0.548,0.5476190476190477,0.0939682539682539,9.64114285714286,,,,,,,,,,,,
Ron Holland,DET,F,7.361008695652173,2.932285714285714,1.4520000000000002,5.1334670869565215,2.044936071428571,1.0126049999999998,0.0,0.0,0.0,0.605,0.5802469135802469,0.0655555555555555,6.725999999999999,,,,,,,,,,,,
Vit Krejci,ATL,G,11.78987925465839,2.790857142857144,2.328857142857143,8.222101021118014,1.9463057142857145,1.6241132142857138,0.0,0.0,0.0,0.838,0.8306451612903226,0.0866666666666666,8.892000000000001,,,,,,,,,,,,
Jaylen Wells,MEM,F,6.441567204968945,3.7337142857142864,1.6877142857142855,4.4922611291925465,2.603841428571429,1.1769889285714281,0.0,0.0,0.0,0.466,0.412037037037037,0.1043650793650793,10.707857142857142,,,,,,,,,,,,
Aaron Holiday,HOU,G,7.952811428571431,1.508571428571429,1.5934285714285712,5.546182242857143,1.1370571428571428,1.1962353571428568,0.0,0.0,0.0,0.639,0.6280487804878049,0.0607539682539682,6.233357142857144,,,,,0.0,1.0,1.0,,,,,
Colby Jones,SACWAS,G,5.361315279503106,3.0077142857142856,1.7254285714285715,3.7389081670807456,2.0975389285714283,1.203290357142857,0.0,0.0,0.0,0.557,0.5232558139534884,0.0779761904761904,8.000357142857142,,,,,,,,,,,,
Luke Kennard,MEM,G,7.615006211180124,2.724857142857142,3.036,6.698538990683229,2.9790407142857136,2.737265,0.0,0.0,0.0,0.6,0.5842696629213483,0.0978174603174603,10.036071428571429,5.0,3.0,0.0,,4.0,3.0,2.0,,4.5,4.0,3.0,
Day'Ron Sharpe,BRK,C,7.706733913043478,6.901714285714288,2.140285714285715,5.374571139130434,4.813161428571429,1.4926060714285716,0.0,0.0,0.0,0.569,0.5444444444444444,0.0807142857142857,8.281285714285715,,,,,,,,,,,,
Clint Capela,ATL,C,6.948250434782611,7.590000000000002,0.8674285714285713,4.845615104347827,5.2931625,0.604932857142857,0.0,0.0,0.0,0.531,0.5161290322580645,0.0799206349206349,8.199857142857143,,,,,,,,,,,,
Isaac Okoro,CLE,G-F,7.209512049689444,2.508000000000001,0.8580000000000002,6.632815391925466,2.1332200000000006,0.8229450000000001,0.0,0.0,0.0,0.629,0.60625,0.0771825396825396,7.918928571428573,0.0,2.0,1.0,,3.0,1.0,0.0,,9.0,1.0,1.0,
Sam Merrill,CLE,G,7.294598757763973,2.6494285714285715,1.6782857142857146,6.044678701863352,2.5622628571428567,1.7037635714285713,0.0,0.0,0.0,0.58,0.5797872340425532,0.0889682539682539,9.12814285714286,6.0,1.0,4.0,,6.0,4.0,1.0,,0.0,2.0,1.0,
Jaxson Hayes,LAL,F,9.135990559006212,5.402571428571428,1.0654285714285714,6.915902734161493,4.226442142857142,0.7430153571428569,0.0,0.0,0.0,0.687,0.7272727272727273,0.0873412698412698,8.961214285714284,1.0,3.0,0.0,,2.0,1.0,0.0,,2.0,1.0,0.0,
Duop Reath,POR,C,5.515074782608696,2.960571428571428,0.8674285714285713,3.846137947826086,2.0646621428571423,0.604932857142857,0.0,0.0,0.0,0.539,0.5106382978723404,0.0622222222222222,6.384,,,,,,,,,,,,
Josh Green,CHO,G-F,6.93496844720497,2.064857142857143,1.8197142857142856,4.836352427329193,1.4400032142857142,1.2690439285714283,0.0,0.0,0.0,0.528,0.5108695652173914,0.1097619047619047,11.261571428571427,,,,,,,,,,,,
Jamal Cain,NOP,F,5.797899130434784,2.244,0.66,4.043375791304349,1.564935,0.460275,0.0,0.0,0.0,0.574,0.54375,0.0578571428571428,5.936142857142856,,,,,,,,,,,,
Svi Mykhailiuk,UTA,G-F,6.681266086956522,2.3100000000000005,2.149714285714285,4.659423860869564,1.6109625,1.4991814285714289,0.0,0.0,0.0,0.476,0.4519230769230769,0.0826587301587301,8.480785714285714,,,,,,,,,,,,
Jonas ValanÄiÅ«nas,SAC,C,7.979031055900621,6.185142857142858,1.3765714285714288,5.564467453416148,4.313434285714286,0.9600021428571428,0.0,0.0,0.0,0.6,0.5454545454545454,0.0640873015873016,6.575357142857142,,,,,,,,,,,,
Caleb Houstan,ORL,G-F,8.057493167701864,1.772571428571429,0.8674285714285713,6.292948360248448,1.535342142857143,0.6795203571428571,0.0,0.0,0.0,0.799,0.796875,0.0705952380952381,7.243071428571428,3.0,2.0,1.0,,0.0,0.0,0.0,,3.0,1.0,0.0,
Cory Joseph,ORL,G,5.833744099378883,2.3477142857142863,2.2722857142857147,5.563373583850932,2.1722639285714287,2.138836071428571,0.0,0.0,0.0,0.59,0.5670731707317073,0.0784523809523809,8.049214285714285,0.0,0.0,2.0,,7.0,1.0,3.0,,6.0,3.0,1.0,
Kris Dunn,LAC,G,6.835714285714286,3.328285714285714,2.347714285714286,6.6130089285714275,4.104863571428571,1.9568514285714282,0.0,0.0,0.0,0.575,0.5574712643678161,0.1036111111111111,10.6305,10.0,3.0,1.0,,5.0,6.0,2.0,,4.5,7.0,0.5,
Isaiah Stewart,DET,F-C,7.88002285714286,4.987714285714286,1.7631428571428571,5.6445954857142855,3.851301428571429,1.304179285714286,0.0,0.0,0.0,0.674,0.6544117647058824,0.0807936507936508,8.289428571428575,2.0,5.0,1.0,,,,,,,,,
Jake LaRavia,SAC,F,5.75962732919255,3.2057142857142864,1.3011428571428574,4.016685559006213,2.2356214285714286,0.9073992857142856,0.0,0.0,0.0,0.562,0.5411764705882353,0.081547619047619,8.366785714285715,,,,,,,,,,,,
Amir Coffey,LAC,G,7.790131677018633,1.6688571428571428,0.942857142857143,5.432731602484471,1.163838214285714,0.6575357142857142,0.0,0.0,0.0,0.555,0.5238095238095238,0.0894444444444444,9.177,,,,,,,,,,,,
A.J. Green,MIL,G,7.495533913043479,2.5268571428571427,1.668857142857143,5.227283139130434,1.762195714285714,1.1638382142857144,0.0,0.0,0.0,0.634,0.6363636363636364,0.0976587301587301,10.019785714285717,,,,,,,,,,,,
Reed Sheppard,HOU,G,5.753888198757764,1.7442857142857142,1.499142857142857,4.012683167701863,1.2164410714285712,1.0454817857142855,0.0,0.0,0.0,0.58,0.5714285714285714,0.0559523809523809,5.740714285714286,,,,,0.0,0.0,0.0,,,,,
Jalen Smith,CHI,F,6.684283229813666,5.374285714285714,1.2445714285714289,4.6615279751552805,3.7479535714285706,0.8679471428571428,0.0,0.0,0.0,0.516,0.4831460674157303,0.0596428571428571,6.119357142857144,,,,,,,,,,,,
Moussa DiabatÃ©,CHO,F,7.737987577639751,4.789714285714286,0.7354285714285714,5.39636701863354,3.3402814285714273,0.5128778571428572,0.0,0.0,0.0,0.66,0.639344262295082,0.0619444444444444,6.355499999999998,,,,,,,,,,,,
Mason Plumlee,PHO,C-F,7.171043478260871,5.855142857142858,1.6028571428571432,5.000987934782609,4.0832967857142854,1.1178107142857145,0.0,0.0,0.0,0.735,0.7021276595744681,0.0719444444444444,7.381500000000002,,,,,,,,,,,,
Oso Ighodaro,PHO,F,5.530685217391307,4.224,1.4991428571428576,3.8570244521739143,2.94576,1.0454817857142857,0.0,0.0,0.0,0.634,0.6176470588235294,0.0873412698412698,8.961214285714288,,,,,,,,,,,,
Baylor Scheierman,BOS,G,5.103234782608697,2.1685714285714286,1.2634285714285711,3.558926347826087,1.5123321428571423,0.881097857142857,0.0,0.0,0.0,0.63,0.6180555555555556,0.0584126984126984,5.993142857142855,,,,,,,,,,,,
Pelle Larsson,MIA,G,5.027920993788822,1.895142857142858,1.4802857142857144,4.576403538509319,1.7916467857142861,1.1823310714285713,0.0,0.0,0.0,0.537,0.5066666666666667,0.0686111111111111,7.0395,0.0,0.0,0.0,,2.0,2.0,0.0,,6.0,2.0,1.0,
Terry Rozier,MIA,G,5.997063354037269,2.904,2.2062857142857144,4.182270204968944,2.02521,1.5386335714285713,0.0,0.0,0.0,0.438,0.3958333333333333,0.0844047619047619,8.659928571428573,,,,,,,,,,,,
Vasilije MiciÄ‡,CHOPHO,G,5.5177639751552805,1.9328571428571428,2.8474285714285714,3.848013354037267,1.3479482142857142,1.985757857142857,0.0,0.0,0.0,0.5,0.4583333333333333,0.0765079365079365,7.849714285714286,,,,,,,,,,,,
Jock Landale,HOU,C,5.661078260869564,3.281142857142857,0.8674285714285712,3.9479587826086946,2.2882242857142856,0.6049328571428569,0.0,0.0,0.0,0.63,0.6194029850746269,0.0551587301587301,5.659285714285713,,,,,,,,,,,,
Dalen Terry,CHI,G,5.495955279503107,2.187428571428572,1.7348571428571429,3.8328042670807454,1.5254828571428571,1.209865714285714,0.0,0.0,0.0,0.554,0.5266666666666666,0.0637301587301587,6.538714285714286,,,,,,,,,,,,
Cameron Payne,NYK,G,4.567527950310559,1.4614285714285715,3.083142857142857,4.829556708074533,1.019180357142857,2.2247292857142855,0.0,0.0,0.0,0.45,0.4438775510204081,0.0670238095238095,6.876642857142856,14.0,0.0,1.0,,0.0,0.0,0.0,,4.0,0.0,0.0,
Haywood Highsmith,MIA,F,5.3291269565217405,3.950571428571429,1.923428571428572,6.133572969565218,3.5225996428571427,1.7255478571428566,0.0,0.0,0.0,0.511,0.5060240963855421,0.1063095238095238,10.907357142857142,7.0,6.0,2.0,,17.0,2.0,1.0,,3.0,1.0,1.0,
Malaki Branham,SAS,G,4.465535403726709,0.7825714285714287,0.6788571428571427,3.1142034968944103,0.5457546428571429,0.47342571428571417,0.0,0.0,0.0,0.565,0.547945205479452,0.0301984126984126,3.0983571428571426,,,,,,,,,,,,
Blake Wesley,SAS,G,4.00143652173913,1.5462857142857145,2.130857142857143,2.7905472652173904,1.078358571428571,1.486030714285714,0.0,0.0,0.0,0.491,0.4743589743589743,0.0671825396825396,6.892928571428572,,,,,,,,,,,,
Keaton Wallace,ATL,G,4.9276173913043495,1.2445714285714289,2.319428571428572,3.4364531739130446,0.8679471428571428,1.6175378571428576,0.0,0.0,0.0,0.53,0.5063291139240507,0.0645238095238095,6.620142857142856,,,,,,,,,,,,
Thomas Bryant,IND,C,6.184093416149069,3.4131428571428577,0.4431428571428571,5.2102274198757765,3.224866785714285,0.6090417857142856,0.0,0.0,0.0,0.582,0.5227272727272727,0.0592063492063492,6.074571428571428,6.0,1.0,0.0,,0.0,2.0,0.0,,3.0,4.0,2.0,
Jeff Green,HOU,F,6.678642484472051,1.857428571428572,0.7825714285714288,4.657594196273292,1.380345357142857,0.5457546428571429,0.0,0.0,0.0,0.688,0.6779661016949152,0.0540079365079365,5.541214285714286,,,,,0.0,1.0,0.0,,,,,
Jaime Jaquez Jr.,MIA,G-F,5.619740124223605,3.658285714285715,2.093142857142858,3.9191301298136656,2.551238571428572,1.4597292857142858,0.0,0.0,0.0,0.533,0.5202702702702703,0.0673412698412698,6.909214285714285,0.0,0.0,0.0,,,,,,0.0,0.0,0.0,
Dalton Knecht,LAL,G,6.944642981366461,1.8762857142857143,0.7825714285714287,5.21603681552795,1.5322585714285724,0.5457546428571429,0.0,0.0,0.0,0.577,0.5588235294117647,0.0591666666666666,6.070500000000002,5.0,3.0,0.0,,,,,,0.0,0.0,0.0,
Zach Collins,CHI,C-F,6.692154037267082,5.7702857142857145,1.848,4.6670169689441,4.024118571428572,1.2887699999999997,0.0,0.0,0.0,0.57,0.5563380281690141,0.0725,7.4385,,,,,,,,,,,,
Jalen Pickett,DEN,G,5.13288149068323,1.9422857142857144,2.828571428571429,3.898776557763975,1.5036985714285716,2.132607142857143,0.0,0.0,0.0,0.563,0.5555555555555556,0.0725396825396825,7.442571428571428,2.0,2.0,0.0,,2.0,0.0,1.0,,0.0,0.0,0.5,
Mouhamed Gueye,ATL,F,5.339555776397517,4.714285714285714,0.9051428571428572,3.723733386335404,3.2876785714285726,0.6312342857142857,0.0,0.0,0.0,0.512,0.4647887323943662,0.0701984126984127,7.202357142857143,,,,,,,,,,,,
KJ Martin,UTA,F,5.956627080745342,2.875714285714286,1.338857142857143,4.154070499378883,2.005483928571429,0.933700714285714,0.0,0.0,0.0,0.528,0.5,0.0946031746031745,9.706285714285713,,,,,,,,,,,,
Terrence Shannon Jr.,MIN,G,5.032987826086956,1.7065714285714289,1.0277142857142858,3.6799370782608687,1.2751396428571427,0.7167139285714286,0.0,0.0,0.0,0.588,0.5546875,0.0490079365079365,5.028214285714287,0.0,0.0,0.0,,2.0,1.0,0.0,,,,,
Caleb Martin,DALPHI,F,4.926600745341616,3.149142857142857,2.017714285714286,3.435744178881987,2.196169285714286,1.4071264285714282,0.0,0.0,0.0,0.458,0.4240506329113924,0.0963888888888888,9.8895,,,,,,,,,,,,
Cody Williams,UTA,G-F,3.808388571428572,2.234571428571429,1.0371428571428574,2.6559182571428575,1.5583596428571427,0.7232892857142856,0.0,0.0,0.0,0.414,0.3924731182795699,0.0936904761904761,9.612642857142855,,,,,,,,,,,,
Julian Phillips,CHI,F,5.33247204968944,2.1780000000000004,0.66,3.7187932919254645,1.5189075,0.460275,0.0,0.0,0.0,0.6,0.5491803278688525,0.0656349206349206,6.734142857142856,,,,,,,,,,,,
Precious Achiuwa,NYK,F,5.052008944099381,4.921714285714286,0.7637142857142858,3.5232021465838534,3.4323364285714293,0.5326039285714286,0.0,0.0,0.0,0.464,0.45625,0.0796031746031746,8.167285714285715,,,,,,,,,,,,
Neemias Queta,BOS,C,6.033810186335406,3.743142857142858,0.7825714285714287,4.207896944720496,2.610416785714286,0.5457546428571429,0.0,0.0,0.0,0.709,0.68,0.0508730158730158,5.219571428571428,,,,,,,,,,,,
Wendell Moore Jr.,CHO,G-F,4.197600000000001,2.8851428571428577,1.1785714285714288,2.927349,2.0120592857142863,0.8219196428571431,0.0,0.0,0.0,0.53,0.5211267605633803,0.0654761904761904,6.717857142857144,,,,,,,,,,,,
Jevon Carter,CHI,G,3.892507826086957,1.1031428571428572,1.3200000000000005,2.7145818782608697,0.7693167857142856,0.9205500000000001,0.0,0.0,0.0,0.471,0.4634146341463415,0.0413095238095238,4.238357142857144,,,,,,,,,,,,
Nicolas Batum,LAC,F-G,6.887268074534163,2.772,0.726,7.109374337888199,3.02233,0.80589,0.0,0.0,0.0,0.797,0.7978723404255319,0.0705555555555555,7.239,9.0,2.0,1.0,,6.0,4.0,0.0,,7.5,4.0,1.5,
Simone Fontecchio,DET,F,5.017902111801243,2.4797142857142864,0.678857142857143,3.499416506832299,1.7293189285714288,0.4734257142857143,0.0,0.0,0.0,0.584,0.5564516129032258,0.0595238095238095,6.107142857142857,,,,,,,,,,,,
Jay Huff,MEM,F-C,4.405290931677019,1.4425714285714288,0.3771428571428571,3.6688898236024854,1.3052046428571429,0.41301428571428556,0.0,0.0,0.0,0.579,0.5634920634920635,0.0341269841269841,3.501428571428571,8.0,2.0,0.0,,,,,,0.0,1.0,1.0,
Steven Adams,HOU,C,5.201291925465839,6.92057142857143,1.235142857142857,5.359835062111801,6.8763621428571415,1.2359592857142858,0.0,0.0,0.0,0.61,0.62,0.0705952380952381,7.243071428571428,6.0,12.0,1.0,,1.0,3.0,0.0,,8.0,6.0,2.0,
Dean Wade,CLE,F,4.9299294409937895,3.0548571428571427,0.9617142857142856,3.4380655658385093,2.8050032142857138,0.9706864285714283,0.0,0.0,0.0,0.593,0.5901639344262295,0.0837301587301587,8.590714285714283,0.0,1.0,0.0,,0.0,0.0,0.0,,0.0,4.0,2.0,
Olivier-Maxence Prosper,DAL,F,3.8717649689441,2.875714285714286,1.1031428571428572,2.7001160925465837,2.005483928571429,0.7693167857142856,0.0,0.0,0.0,0.443,0.3851351351351351,0.0632142857142857,6.485785714285715,,,,,,,,,,,,
Mo Bamba,LACNOP,C,4.958903850931678,4.865142857142858,0.5185714285714287,3.458271924223603,3.392884285714286,0.3616446428571428,0.0,0.0,0.0,0.634,0.6132075471698113,0.0549206349206349,5.634857142857144,,,,,,,,,,,,
Dominick Barlow,ATL,F,4.659518012422359,2.904,0.7354285714285714,3.249484322981366,2.02521,0.5128778571428572,0.0,0.0,0.0,0.592,0.5636363636363636,0.0483333333333333,4.959,,,,,,,,,,,,
Reggie Jackson,PHI,G,3.839576645962734,1.386,1.3011428571428574,2.6776683950310565,0.9665775000000001,0.9073992857142856,0.0,0.0,0.0,0.474,0.4533333333333333,0.0532539682539682,5.463857142857142,,,,,,,,,,,,
Micah Potter,UTA,C,4.429887204968944,4.384285714285714,0.6882857142857144,3.0893429291925467,3.057541071428571,0.4800010714285714,0.0,0.0,0.0,0.564,0.5254237288135594,0.0790873015873015,8.114357142857141,,,,,,,,,,,,
Ousmane Dieng,OKC,F,4.826985838509318,1.9894285714285715,0.8862857142857146,3.366274101242236,1.3874003571428566,0.6180835714285715,0.0,0.0,0.0,0.683,0.6792452830188679,0.047063492063492,4.828714285714284,,,,,,,,,,,,
Daniel Theis,NOP,C,4.478571428571429,4.686000000000001,1.5934285714285714,3.1232946428571426,3.2679525,1.1112353571428573,0.0,0.0,0.0,0.575,0.5357142857142857,0.073015873015873,7.491428571428572,,,,,,,,,,,,
Tristan Da Silva,ORL,F,3.832542111801244,2.055428571428572,1.046571428571429,2.672762606832299,1.4334278571428571,0.729864642857143,0.0,0.0,0.0,0.461,0.4246575342465753,0.0642857142857143,6.595714285714285,,,,,,,,,,,,
David Roddy,ATLHOUPHI,F,3.5301719254658392,2.4891428571428573,1.0182857142857142,2.4618937621118016,1.7358942857142858,0.7101385714285713,0.0,0.0,0.0,0.461,0.4285714285714285,0.0508333333333333,5.2155,,,,,,,,,,,,
Pat Connaughton,MIL,G,4.745031055900622,2.1780000000000004,1.480285714285714,3.532882453416149,1.5189075,1.0323310714285712,0.0,0.0,0.0,0.625,0.5980392156862745,0.0537301587301587,5.512714285714286,3.0,0.0,0.0,,,,,,0.0,0.0,0.0,
Garrison Mathews,ATL,G,4.879802236024846,2.0460000000000003,0.9617142857142856,3.403107536645963,1.4268524999999999,0.6706864285714286,0.0,0.0,0.0,0.501,0.4482758620689655,0.0625,6.4125,,,,,,,,,,,,
Anthony Gill,WAS,F,3.3803806211180127,1.7820000000000005,0.4431428571428571,2.3574313490683223,1.2427425000000003,0.3090417857142856,0.0,0.0,0.0,0.584,0.532608695652174,0.0427380952380952,4.384928571428572,,,,,,,,,,,,
DeAndre Jordan,DEN,C,4.294902857142858,5.892857142857143,1.0937142857142856,3.145206685714285,4.269598214285714,0.7627414285714285,0.0,0.0,0.0,0.598,0.6410256410256411,0.0557936507936507,5.72442857142857,,,,,0.0,1.0,0.0,,1.0,0.5,0.0,
Trevelin Queen,ORL,G,3.5246131677018635,1.7537142857142858,1.0559999999999998,2.458017160248447,1.2230164285714284,0.7364399999999997,0.0,0.0,0.0,0.436,0.3955223880597014,0.052579365079365,5.394642857142858,,,,,,,,,,,,
Goga Bitadze,ORL,C,4.427329192546583,4.412571428571428,1.3765714285714288,3.25755900621118,3.332267142857142,1.0450021428571428,0.0,0.0,0.0,0.6,0.5595238095238095,0.0603968253968254,6.196714285714285,0.0,0.0,0.0,,2.0,3.0,1.0,,,,,
Kris Murray,POR,F,2.682764720496895,2.998285714285715,1.0842857142857143,1.8709235329192553,2.0909635714285715,0.7561660714285713,0.0,0.0,0.0,0.408,0.3840579710144927,0.0706746031746031,7.251214285714285,,,,,,,,,,,,
Hunter Tyson,DEN,F,2.595234782608696,1.4142857142857146,0.3205714285714286,1.8098813478260871,0.9863035714285714,0.22356214285714285,0.0,0.0,0.0,0.49,0.4741379310344827,0.0317063492063492,3.2530714285714284,,,,,,,,,0.0,0.0,0.0,
Monte Morris,PHO,G,4.067928447204969,1.4614285714285713,1.5462857142857145,2.8369178273291924,1.0191803571428568,1.078358571428571,0.0,0.0,0.0,0.519,0.509090909090909,0.0481746031746031,4.942714285714286,,,,,,,,,,,,
Jaden Springer,UTA,G,2.7981704347826084,1.6688571428571426,1.140857142857143,1.9514059043478258,1.1638382142857138,0.7956182142857144,0.0,0.0,0.0,0.478,0.4433962264150943,0.0492460317460317,5.052642857142856,,,,,,,,,,,,
Jaylen Clark,MIN,G,4.57608745341615,1.395428571428572,0.7542857142857143,3.3404759888198745,0.9731528571428573,0.5260285714285714,0.0,0.0,0.0,0.646,0.5857142857142857,0.0528174603174603,5.41907142857143,2.0,0.0,0.0,,,,,,,,,
Jonathan Isaac,ORL,F,3.6707478260869575,3.196285714285715,0.6222857142857142,3.382041978260869,2.9132210714285716,0.5839735714285713,0.0,0.0,0.0,0.533,0.4761904761904761,0.0528968253968254,5.427214285714286,7.0,2.0,0.0,,0.0,1.0,0.0,,2.0,3.0,1.0,
Luka Garza,MIN,F-C,4.151818136645964,1.150285714285714,0.3582857142857142,3.044596352795031,0.8767810714285709,0.24986357142857138,0.0,0.0,0.0,0.677,0.6515151515151515,0.0234523809523809,2.406214285714286,2.0,1.0,0.0,,,,,,,,,
Jett Howard,ORL,G,2.981265093167703,1.1125714285714283,1.0465714285714287,2.079093622360249,0.7758921428571427,0.7298646428571427,0.0,0.0,0.0,0.417,0.4230769230769231,0.0515873015873015,5.292857142857142,,,,,,,,,,,,
Delon Wright,MILNYK,G,3.213519503105591,1.5934285714285714,1.9705714285714289,2.241064680745342,1.1112353571428573,1.3742496428571427,0.0,0.0,0.0,0.524,0.5102040816326531,0.0657936507936507,6.750428571428572,,,,,,,,,,,,
Rayan Rupert,POR,G,2.3600124223602488,0.9711428571428572,0.4714285714285715,1.6458404813664593,0.6772617857142857,0.32876785714285706,0.0,0.0,0.0,0.475,0.4339622641509434,0.0337698412698412,3.464785714285714,,,,,,,,,,,,
Cody Martin,CHOPHO,G-F,3.269631801242236,3.705428571428572,1.4614285714285715,2.280196632298137,2.584115357142857,1.0191803571428573,0.0,0.0,0.0,0.398,0.3467741935483871,0.0740079365079365,7.593214285714286,,,,,,,,,,,,
Maxi Kleber,DAL,F,2.728120248447205,2.724857142857142,1.6311428571428568,1.902553859627329,1.900278214285714,1.137536785714285,0.0,0.0,0.0,0.474,0.4444444444444444,0.0819841269841269,8.41157142857143,,,,,,,,,,,,
Shake Milton,LAL,G,3.695475279503106,1.7537142857142858,1.2257142857142855,2.5771740670807453,1.2230164285714282,0.8547964285714282,0.0,0.0,0.0,0.572,0.5555555555555556,0.0428968253968253,4.4012142857142855,0.0,0.0,0.0,,,,,,0.0,0.0,0.0,
Charles Bassey,SAS,C,4.570971428571428,4.488,0.528,3.187733142857142,3.12987,0.36821999999999994,0.0,0.0,0.0,0.606,0.5853658536585366,0.0467460317460317,4.796142857142858,,,,,,,,,,,,
Jarred Vanderbilt,LAL,F,3.3225137888198764,4.525714285714287,0.9145714285714288,2.9162508093167707,4.289521428571428,0.7869846428571428,0.0,0.0,0.0,0.493,0.4583333333333333,0.0646031746031746,6.628285714285716,2.0,4.0,2.0,,0.0,1.0,0.0,,3.0,5.0,0.0,
Zeke Nnaji,DEN,F,3.993418136645963,2.2157142857142857,0.6977142857142857,2.934955352795031,1.695208928571428,0.4865764285714286,0.0,0.0,0.0,0.526,0.4761904761904761,0.0637698412698412,6.542785714285714,,,,,,,,,1.0,1.0,0.0,
Marvin Bagley III,MEMWAS,F-C,3.317397763975155,2.3477142857142854,0.264,3.581495463354036,2.095201428571428,0.18410999999999983,0.0,0.0,0.0,0.531,0.4880952380952381,0.0336904761904761,3.4566428571428567,17.0,5.0,0.0,,0.0,1.0,0.0,,,,,
Craig Porter Jr.,CLE,G,3.5095930434782616,1.4425714285714282,1.3577142857142854,2.447542330434783,1.0806171428571423,1.0968514285714284,0.0,0.0,0.0,0.546,0.5,0.0409920634920634,4.205785714285714,0.0,1.0,0.0,,,,,,0.0,0.0,1.0,
Paul Reed,DET,F,2.8652198757763974,2.809714285714286,0.8485714285714285,3.1081652701863356,3.2444564285714286,0.5917821428571428,0.0,0.0,0.0,0.495,0.4545454545454545,0.0363492063492063,3.7294285714285706,,,,,6.0,1.0,0.0,,4.0,8.0,0.0,
